"","Season","Player","Team","Pos","name"
"1",2016,"Alani Fua","ARI","OLB","A.Fua"
"2",2016,"Alex Okafor","ARI","OLB","A.Okafor"
"3",2016,"Andre Ellington","ARI","RB","A.Ellington"
"4",2016,"Brandon Williams","ARI","CB","B.Williams"
"5",2016,"Brian Dixon","ARI","DB","B.Dixon"
"6",2016,"Brittan Golden","ARI","WR","B.Golden"
"7",2016,"Calais Campbell","ARI","DE","C.Campbell"
"8",2016,"Carson Palmer","ARI","QB","C.Palmer"
"9",2016,"Chandler Catanzaro","ARI","K","C.Catanzaro"
"10",2016,"Chandler Jones","ARI","OLB","C.Jones"
"11",2016,"Chris Johnson","ARI","RB","C.Johnson"
"12",2016,"Christian Bryant","ARI","DB","C.Bryant"
"13",2016,"Corey Peters","ARI","NT","C.Peters"
"14",2016,"D.J. Swearinger","ARI","FS","D.Swearinger"
"15",2016,"Darren Fells","ARI","TE","D.Fells"
"16",2016,"David Johnson","ARI","RB","D.Johnson"
"17",2016,"Deone Bucannon","ARI","OLB","D.Bucannon"
"18",2016,"Drew Butler","ARI","P","D.Butler"
"19",2016,"Drew Stanton","ARI","QB","D.Stanton"
"20",2016,"Ed Stinson","ARI","DE","E.Stinson"
"21",2016,"Frostee Rucker","ARI","DE","F.Rucker"
"22",2016,"Gabe Martin","ARI","LB","G.Martin"
"23",2016,"Givens Price","ARI","DT","G.Price"
"24",2016,"Hakeem Valles","ARI","TE","H.Valles"
"25",2016,"Harlan Miller","ARI","FS","H.Miller"
"26",2016,"Ifeanyi Momah","ARI","TE","I.Momah"
"27",2016,"J.J. Nelson","ARI","WR","J.Nelson"
"28",2016,"Jaron Brown","ARI","WR","J.Brown"
"29",2016,"Jeremy Ross","ARI","WR","J.Ross"
"30",2016,"Jermaine Gresham","ARI","TE","J.Gresham"
"31",2016,"John Brown","ARI","WR","J.Brown"
"32",2016,"Joplo Bartu","ARI","LB","J.Bartu"
"33",2016,"Josh Mauro","ARI","DE","J.Mauro"
"34",2016,"Justin Bethel","ARI","CB","J.Bethel"
"35",2016,"Kareem Martin","ARI","LB","K.Martin"
"36",2016,"Kerwynn Williams","ARI","RB","K.Williams"
"37",2016,"Kevin Minter","ARI","MLB","K.Minter"
"38",2016,"Larry Fitzgerald","ARI","WR","L.Fitzgerald"
"39",2016,"Marcus Cooper","ARI","CB","M.Cooper"
"40",2016,"Markus Golden","ARI","OLB","M.Golden"
"41",2016,"Matt Wile","ARI","P","M.Wile"
"42",2016,"Olsen Pierre","ARI","DT","O.Pierre"
"43",2016,"Patrick Peterson","ARI","CB","P.Peterson"
"44",2016,"Robert Nkemdiche","ARI","DT","R.Nkemdiche"
"45",2016,"Rodney Gunter","ARI","DE","R.Gunter"
"46",2016,"Ryan Quigley","ARI","P","R.Quigley"
"47",2016,"Scooby Wright","ARI","ILB","S.Wright"
"48",2016,"Sio Moore","ARI","OLB","S.Moore"
"49",2016,"Stepfan Taylor","ARI","RB","S.Taylor"
"50",2016,"Tharold Simon","ARI","CB","T.Simon"
"51",2016,"Tony Jefferson","ARI","SS","T.Jefferson"
"52",2016,"Trevon Hartfield","ARI","DB","T.Hartfield"
"53",2016,"Troy Niklas","ARI","TE","T.Niklas"
"54",2016,"Tyrann Mathieu","ARI","FS","T.Mathieu"
"55",2016,"Tyvon Branch","ARI","DB","T.Branch"
"56",2016,"Xavier Williams","ARI","NT","X.Williams"
"57",2016,"Zaviar Gooden","ARI","LB","Z.Gooden"
"58",2016,"A.J. Hawk","ATL","LB","A.Hawk"
"59",2016,"Adrian Clayborn","ATL","DE","A.Clayborn"
"60",2016,"Aldrick Robinson","ATL","WR","A.Robinson"
"61",2016,"Austin Hooper","ATL","TE","A.Hooper"
"62",2016,"Blidi Wreh-Wilson","ATL","DB","B.Wreh-Wilson"
"63",2016,"Brian Poole","ATL","CB","B.Poole"
"64",2016,"Brooks Reed","ATL","DE","B.Reed"
"65",2016,"C.J. Goodwin","ATL","CB","C.Goodwin"
"66",2016,"Cliff Matthews","ATL","DE","C.Matthews"
"67",2016,"Courtney Upshaw","ATL","DE","C.Upshaw"
"68",2016,"D.J. Tialavea","ATL","TE","D.Tialavea"
"69",2016,"Dashon Goldson","ATL","DB","D.Goldson"
"70",2016,"De'Vondre Campbell","ATL","OLB","D.Campbell"
"71",2016,"Deion Jones","ATL","MLB","D.Jones"
"72",2016,"Deji Olatoye","ATL","CB","D.Olatoye"
"73",2016,"Derrick Shelby","ATL","DE","D.Shelby"
"74",2016,"Desmond Trufant","ATL","CB","D.Trufant"
"75",2016,"Devonta Freeman","ATL","RB","D.Freeman"
"76",2016,"Dwight Freeney","ATL","DE","D.Freeney"
"77",2016,"Eric Weems","ATL","WR","E.Weems"
"78",2016,"Grady Jarrett","ATL","DT","G.Jarrett"
"79",2016,"Jacob Tamme","ATL","TE","J.Tamme"
"80",2016,"Jalen Collins","ATL","CB","J.Collins"
"81",2016,"Jonathan Babineaux","ATL","DT","J.Babineaux"
"82",2016,"Josh Keyes","ATL","LB","J.Keyes"
"83",2016,"Josh Perkins","ATL","TE","J.Perkins"
"84",2016,"Julio Jones","ATL","WR","J.Jones"
"85",2016,"Justin Hardy","ATL","WR","J.Hardy"
"86",2016,"Keanu Neal","ATL","SS","K.Neal"
"87",2016,"Kemal Ishmael","ATL","SS","K.Ishmael"
"88",2016,"LaRoy Reynolds","ATL","MLB","L.Reynolds"
"89",2016,"Levine Toilolo","ATL","TE","L.Toilolo"
"90",2016,"Malliciah Goodman","ATL","DE","M.Goodman"
"91",2016,"Matt Bosher","ATL","P","M.Bosher"
"92",2016,"Matt Bryant","ATL","K","M.Bryant"
"93",2016,"Matt Ryan","ATL","QB","M.Ryan"
"94",2016,"Matt Schaub","ATL","QB","M.Schaub"
"95",2016,"Mohamed Sanu","ATL","WR","M.Sanu"
"96",2016,"Nick Williams","ATL","WR","N.Williams"
"97",2016,"O'Brien Schofield","ATL","DE","O.Schofield"
"98",2016,"Patrick DiMarco","ATL","FB","P.DiMarco"
"99",2016,"Paul Worrilow","ATL","MLB","P.Worrilow"
"100",2016,"Philip Wheeler","ATL","OLB","P.Wheeler"
"101",2016,"Ra'Shede Hageman","ATL","DT","R.Hageman"
"102",2016,"Ricardo Allen","ATL","FS","R.Allen"
"103",2016,"Robert Alford","ATL","CB","R.Alford"
"104",2016,"Sean Weatherspoon","ATL","OLB","S.Weatherspoon"
"105",2016,"Sharrod Neasman","ATL","DB","S.Neasman"
"106",2016,"Stevan Ridley","ATL","RB","S.Ridley"
"107",2016,"Taylor Gabriel","ATL","WR","T.Gabriel"
"108",2016,"Terron Ward","ATL","RB","T.Ward"
"109",2016,"Tevin Coleman","ATL","RB","T.Coleman"
"110",2016,"Tyson Jackson","ATL","DE","T.Jackson"
"111",2016,"Vic Beasley","ATL","OLB","V.Beasley"
"112",2016,"Albert McClellan","BAL","OLB","A.McClellan"
"113",2016,"Anthony Levine","BAL","CB","A.Levine"
"114",2016,"Brandon Williams","BAL","NT","B.Williams"
"115",2016,"Brennen Beyer","BAL","LB","B.Beyer"
"116",2016,"Brent Urban","BAL","DE","B.Urban"
"117",2016,"Breshad Perriman","BAL","WR","B.Perriman"
"118",2016,"C.J. Mosley","BAL","ILB","C.Mosley"
"119",2016,"Chris Lewis-Harris","BAL","CB","C.Lewis-Harris"
"120",2016,"Chris Moore","BAL","WR","C.Moore"
"121",2016,"Crockett Gillmore","BAL","TE","C.Gillmore"
"122",2016,"Darren Waller","BAL","TE","D.Waller"
"123",2016,"Dennis Pitta","BAL","TE","D.Pitta"
"124",2016,"Elvis Dumervil","BAL","OLB","E.Dumervil"
"125",2016,"Eric Weddle","BAL","SS","E.Weddle"
"126",2016,"Javorius Allen","BAL","RB","J.Allen"
"127",2016,"Jerraud Powers","BAL","DB","J.Powers"
"128",2016,"Jimmy Smith","BAL","CB","J.Smith"
"129",2016,"Joe Flacco","BAL","QB","J.Flacco"
"130",2016,"Justin Tucker","BAL","K","J.Tucker"
"131",2016,"Kamalei Correa","BAL","ILB","K.Correa"
"132",2016,"Kamar Aiken","BAL","WR","K.Aiken"
"133",2016,"Kendrick Lewis","BAL","FS","K.Lewis"
"134",2016,"Kenneth Dixon","BAL","RB","K.Dixon"
"135",2016,"Kyle Juszczyk","BAL","FB","K.Juszczyk"
"136",2016,"Lamar Louis","BAL","LB","L.Louis"
"137",2016,"Lardarius Webb","BAL","FS","L.Webb"
"138",2016,"Lawrence Guy","BAL","DE","L.Guy"
"139",2016,"Lorenzo Taliaferro","BAL","RB","L.Taliaferro"
"140",2016,"Marqueston Huff","BAL","DB","M.Huff"
"141",2016,"Matt Elam","BAL","SS","M.Elam"
"142",2016,"Matt Judon","BAL","LB","M.Judon"
"143",2016,"Maurice Canady","BAL","CB","M.Canady"
"144",2016,"Michael Campanaro","BAL","WR","M.Campanaro"
"145",2016,"Michael Pierce","BAL","DE","M.Pierce"
"146",2016,"Mike Wallace","BAL","WR","M.Wallace"
"147",2016,"Nick Boyle","BAL","TE","N.Boyle"
"148",2016,"Patrick Onwuasor","BAL","ILB","P.Onwuasor"
"149",2016,"Robertson Daniel","BAL","DB","R.Daniel"
"150",2016,"Ryan Mallett","BAL","QB","R.Mallett"
"151",2016,"Sam Koch","BAL","P","S.Koch"
"152",2016,"Shareece Wright","BAL","CB","S.Wright"
"153",2016,"Sheldon Price","BAL","CB","S.Price"
"154",2016,"Steve Smith","BAL","WR","S.Smith"
"155",2016,"Tavon Young","BAL","CB","T.Young"
"156",2016,"Terrance West","BAL","RB","T.West"
"157",2016,"Terrell Suggs","BAL","OLB","T.Suggs"
"158",2016,"Timmy Jernigan","BAL","DE","T.Jernigan"
"159",2016,"Will Davis","BAL","SS","W.Davis"
"160",2016,"Willie Henry","BAL","DT","W.Henry"
"161",2016,"Za'Darius Smith","BAL","OLB","Z.Smith"
"162",2016,"Zach Orr","BAL","ILB","Z.Orr"
"163",2016,"Aaron Williams","BUF","SS","A.Williams"
"164",2016,"Adolphus Washington","BUF","DE","A.Washington"
"165",2016,"Brandon Spikes","BUF","LB","B.Spikes"
"166",2016,"Brandon Tate","BUF","WR","B.Tate"
"167",2016,"Bryson Albright","BUF","LB","B.Albright"
"168",2016,"Cardale Jones","BUF","QB","C.Jones"
"169",2016,"Charles Clay","BUF","TE","C.Clay"
"170",2016,"Colt Anderson","BUF","DB","C.Anderson"
"171",2016,"Colton Schmidt","BUF","P","C.Schmidt"
"172",2016,"Corbin Bryant","BUF","NT","C.Bryant"
"173",2016,"Corey Graham","BUF","FS","C.Graham"
"174",2016,"Corey White","BUF","SS","C.White"
"175",2016,"Dan Carpenter","BUF","K","D.Carpenter"
"176",2016,"Deandre Coleman","BUF","DT","D.Coleman"
"177",2016,"Dezmin Lewis","BUF","WR","D.Lewis"
"178",2016,"EJ Manuel","BUF","QB","E.Manuel"
"179",2016,"Gerald Christian","BUF","TE","G.Christian"
"180",2016,"Greg Salas","BUF","WR","G.Salas"
"181",2016,"James Ihedigbo","BUF","SS","J.Ihedigbo"
"182",2016,"Jerel Worthy","BUF","DT","J.Worthy"
"183",2016,"Jerome Felton","BUF","FB","J.Felton"
"184",2016,"Jerry Hughes","BUF","OLB","J.Hughes"
"185",2016,"Jonathan Meeks","BUF","DB","J.Meeks"
"186",2016,"Jonathan Williams","BUF","RB","J.Williams"
"187",2016,"Jordan Gay","BUF","K","J.Gay"
"188",2016,"Justin Hunter","BUF","WR","J.Hunter"
"189",2016,"Kevon Seymour","BUF","CB","K.Seymour"
"190",2016,"Kyle Williams","BUF","DE","K.Williams"
"191",2016,"Leger Douzable","BUF","DE","L.Douzable"
"192",2016,"Lerentee McCray","BUF","LB","L.McCray"
"193",2016,"LeSean McCoy","BUF","RB","L.McCoy"
"194",2016,"Lorenzo Alexander","BUF","OLB","L.Alexander"
"195",2016,"Marcell Dareus","BUF","NT","M.Dareus"
"196",2016,"Marcus Roberson","BUF","DB","M.Roberson"
"197",2016,"Marquise Goodwin","BUF","WR","M.Goodwin"
"198",2016,"Mike Gillislee","BUF","RB","M.Gillislee"
"199",2016,"Nick O'Leary","BUF","TE","N.O'Leary"
"200",2016,"Nickell Robey-Coleman","BUF","DB","N.Robey-Coleman"
"201",2016,"Percy Harvin","BUF","WR","P.Harvin"
"202",2016,"Preston Brown","BUF","ILB","P.Brown"
"203",2016,"Ramon Humber","BUF","LB","R.Humber"
"204",2016,"Reggie Bush","BUF","RB","R.Bush"
"205",2016,"Robert Blanton","BUF","SS","R.Blanton"
"206",2016,"Robert Woods","BUF","WR","R.Woods"
"207",2016,"Ronald Darby","BUF","CB","R.Darby"
"208",2016,"Sammy Watkins","BUF","WR","S.Watkins"
"209",2016,"Sergio Brown","BUF","DB","S.Brown"
"210",2016,"Shamiel Gary","BUF","SAF","S.Gary"
"211",2016,"Shaq Lawson","BUF","DE","S.Lawson"
"212",2016,"Stephon Gilmore","BUF","CB","S.Gilmore"
"213",2016,"Tyrod Taylor","BUF","QB","T.Taylor"
"214",2016,"Walt Powell","BUF","WR","W.Powell"
"215",2016,"Zach Brown","BUF","ILB","Z.Brown"
"216",2016,"A.J. Klein","CAR","MLB","A.Klein"
"217",2016,"Andy Lee","CAR","P","A.Lee"
"218",2016,"Ben Jacobs","CAR","LB","B.Jacobs"
"219",2016,"Brenton Bersin","CAR","WR","B.Bersin"
"220",2016,"Cam Newton","CAR","QB","C.Newton"
"221",2016,"Cameron Artis-Payne","CAR","RB","C.Artis-Payne"
"222",2016,"Charles Johnson","CAR","DE","C.Johnson"
"223",2016,"Chris Manhertz","CAR","TE","C.Manhertz"
"224",2016,"Colin Jones","CAR","FS","C.Jones"
"225",2016,"Corey Brown","CAR","WR","C.Brown"
"226",2016,"Damiere Byrd","CAR","WR","D.Byrd"
"227",2016,"Daryl Worley","CAR","CB","D.Worley"
"228",2016,"David Mayo","CAR","LB","D.Mayo"
"229",2016,"Dean Marlowe","CAR","FS","D.Marlowe"
"230",2016,"Derek Anderson","CAR","QB","D.Anderson"
"231",2016,"Devin Funchess","CAR","WR","D.Funchess"
"232",2016,"Ed Dickson","CAR","TE","E.Dickson"
"233",2016,"Fozzy Whittaker","CAR","RB","F.Whittaker"
"234",2016,"Graham Gano","CAR","K","G.Gano"
"235",2016,"Greg Olsen","CAR","TE","G.Olsen"
"236",2016,"James Bradberry","CAR","CB","J.Bradberry"
"237",2016,"Jared Norris","CAR","ILB","J.Norris"
"238",2016,"Jeremy Cash","CAR","LB","J.Cash"
"239",2016,"Joe Webb","CAR","QB","J.Webb"
"240",2016,"Jonathan Stewart","CAR","RB","J.Stewart"
"241",2016,"Kawann Short","CAR","DT","K.Short"
"242",2016,"Kelvin Benjamin","CAR","WR","K.Benjamin"
"243",2016,"Kony Ealy","CAR","DE","K.Ealy"
"244",2016,"Kurt Coleman","CAR","SS","K.Coleman"
"245",2016,"Kyle Love","CAR","DE","K.Love"
"246",2016,"Larry Webster","CAR","DE","L.Webster"
"247",2016,"Leonard Johnson","CAR","DB","L.Johnson"
"248",2016,"Lou Young","CAR","DB","L.Young"
"249",2016,"Luke Kuechly","CAR","MLB","L.Kuechly"
"250",2016,"Mario Addison","CAR","DE","M.Addison"
"251",2016,"Michael Griffin","CAR","FS","M.Griffin"
"252",2016,"Michael Palardy","CAR","P","M.Palardy"
"253",2016,"Mike Tolbert","CAR","FB","M.Tolbert"
"254",2016,"Paul Soliai","CAR","DE","P.Soliai"
"255",2016,"Ryan Delaire","CAR","DE","R.Delaire"
"256",2016,"Shaq Thompson","CAR","OLB","S.Thompson"
"257",2016,"Star Lotulelei","CAR","DT","S.Lotulelei"
"258",2016,"Ted Ginn","CAR","WR","T.Ginn"
"259",2016,"Teddy Williams","CAR","DB","T.Williams"
"260",2016,"Thomas Davis","CAR","OLB","T.Davis"
"261",2016,"Travell Dixon","CAR","DB","T.Dixon"
"262",2016,"Tre Boston","CAR","FS","T.Boston"
"263",2016,"Vernon Butler","CAR","DT","V.Butler"
"264",2016,"Wes Horton","CAR","DE","W.Horton"
"265",2016,"Zack Sanchez","CAR","CB","Z.Sanchez"
"266",2016,"Adrian Amos","CHI","FS","A.Amos"
"267",2016,"Akiem Hicks","CHI","DE","A.Hicks"
"268",2016,"Alshon Jeffery","CHI","WR","A.Jeffery"
"269",2016,"Ben Braunecker","CHI","TE","B.Braunecker"
"270",2016,"Bralon Addison","CHI","WR","B.Addison"
"271",2016,"Brian Hoyer","CHI","QB","B.Hoyer"
"272",2016,"Bryce Callahan","CHI","CB","B.Callahan"
"273",2016,"C.J. Wilson","CHI","DE","C.Wilson"
"274",2016,"Cameron Meredith","CHI","WR","C.Meredith"
"275",2016,"Chris Prosinski","CHI","SS","C.Prosinski"
"276",2016,"Christian Jones","CHI","OLB","C.Jones"
"277",2016,"Connor Barth","CHI","K","C.Barth"
"278",2016,"Cornelius Washington","CHI","DE","C.Washington"
"279",2016,"Cre'von LeBlanc","CHI","CB","C.LeBlanc"
"280",2016,"Daniel Braverman","CHI","WR","D.Braverman"
"281",2016,"Daniel Brown","CHI","TE","D.Brown"
"282",2016,"Danny Trevathan","CHI","ILB","D.Trevathan"
"283",2016,"David Fales","CHI","QB","D.Fales"
"284",2016,"DeAndre Houston-Carson","CHI","FS","D.Houston-Carson"
"285",2016,"Deiondre' Hall","CHI","CB","D.Hall"
"286",2016,"Demontre Hurst","CHI","CB","D.Hurst"
"287",2016,"Deon Bush","CHI","SS","D.Bush"
"288",2016,"Deonte Thompson","CHI","WR","D.Thompson"
"289",2016,"DeVante Bausby","CHI","CB","D.Bausby"
"290",2016,"Eddie Goldman","CHI","NT","E.Goldman"
"291",2016,"Eddie Royal","CHI","WR","E.Royal"
"292",2016,"Harold Jones-Quartey","CHI","SS","H.Jones-Quartey"
"293",2016,"Jacoby Glenn","CHI","CB","J.Glenn"
"294",2016,"Jay Cutler","CHI","QB","J.Cutler"
"295",2016,"Jeremy Langford","CHI","RB","J.Langford"
"296",2016,"Jerrell Freeman","CHI","ILB","J.Freeman"
"297",2016,"John Timu","CHI","ILB","J.Timu"
"298",2016,"Johnthan Banks","CHI","CB","J.Banks"
"299",2016,"Jonathan Anderson","CHI","OLB","J.Anderson"
"300",2016,"Jonathan Bullard","CHI","DE","J.Bullard"
"301",2016,"Jordan Howard","CHI","RB","J.Howard"
"302",2016,"Josh Bellamy","CHI","WR","J.Bellamy"
"303",2016,"Josh Shirley","CHI","LB","J.Shirley"
"304",2016,"Ka'Deem Carey","CHI","RB","K.Carey"
"305",2016,"Kevin White","CHI","WR","K.White"
"306",2016,"Kyle Fuller","CHI","CB","K.Fuller"
"307",2016,"Lamarr Houston","CHI","OLB","L.Houston"
"308",2016,"Leonard Floyd","CHI","OLB","L.Floyd"
"309",2016,"Logan Paulsen","CHI","TE","L.Paulsen"
"310",2016,"Marquess Wilson","CHI","WR","M.Wilson"
"311",2016,"Matt Barkley","CHI","QB","M.Barkley"
"312",2016,"Mitch Unrein","CHI","DE","M.Unrein"
"313",2016,"MyCole Pruitt","CHI","TE","M.Pruitt"
"314",2016,"Nick Kwiatkoski","CHI","ILB","N.Kwiatkoski"
"315",2016,"Pat O'Donnell","CHI","P","P.O'Donnell"
"316",2016,"Paul Lasike","CHI","FB","P.Lasike"
"317",2016,"Pernell McPhee","CHI","OLB","P.McPhee"
"318",2016,"Sam Acho","CHI","OLB","S.Acho"
"319",2016,"Sherrick McManis","CHI","CB","S.McManis"
"320",2016,"Tracy Porter","CHI","CB","T.Porter"
"321",2016,"Will Sutton","CHI","NT","W.Sutton"
"322",2016,"Willie Young","CHI","OLB","W.Young"
"323",2016,"Zach Miller","CHI","TE","Z.Miller"
"324",2016,"A.J. Green","CIN","WR","A.Green"
"325",2016,"Adam Jones","CIN","CB","A.Jones"
"326",2016,"Alex Erickson","CIN","WR","A.Erickson"
"327",2016,"Andy Dalton","CIN","QB","A.Dalton"
"328",2016,"Brandon LaFell","CIN","WR","B.LaFell"
"329",2016,"C.J. Uzomah","CIN","TE","C.Uzomah"
"330",2016,"Carlos Dunlap","CIN","DE","C.Dunlap"
"331",2016,"Cedric Peerman","CIN","RB","C.Peerman"
"332",2016,"Chykie Brown","CIN","DB","C.Brown"
"333",2016,"Clayton Fejedelem","CIN","SAF","C.Fejedelem"
"334",2016,"Cody Core","CIN","WR","C.Core"
"335",2016,"Darqueze Dennard","CIN","CB","D.Dennard"
"336",2016,"Derron Smith","CIN","FS","D.Smith"
"337",2016,"DeShawn Williams","CIN","DT","D.Williams"
"338",2016,"Domata Peko","CIN","DT","D.Peko"
"339",2016,"Dre Kirkpatrick","CIN","CB","D.Kirkpatrick"
"340",2016,"Geno Atkins","CIN","DT","G.Atkins"
"341",2016,"George Iloka","CIN","FS","G.Iloka"
"342",2016,"Giovani Bernard","CIN","RB","G.Bernard"
"343",2016,"James Wright","CIN","WR","J.Wright"
"344",2016,"Jeremy Hill","CIN","RB","J.Hill"
"345",2016,"Josh Shaw","CIN","CB","J.Shaw"
"346",2016,"Karlos Dansby","CIN","OLB","K.Dansby"
"347",2016,"KeiVarae Russell","CIN","CB","K.Russell"
"348",2016,"Kevin Huber","CIN","P","K.Huber"
"349",2016,"Margus Hunt","CIN","DE","M.Hunt"
"350",2016,"Marquis Flowers","CIN","OLB","M.Flowers"
"351",2016,"Michael Johnson","CIN","DE","M.Johnson"
"352",2016,"Mike Nugent","CIN","K","M.Nugent"
"353",2016,"Nick Vigil","CIN","ILB","N.Vigil"
"354",2016,"P.J. Dawson","CIN","LB","P.Dawson"
"355",2016,"Pat Sims","CIN","DT","P.Sims"
"356",2016,"Randy Bullock","CIN","K","R.Bullock"
"357",2016,"Rex Burkhead","CIN","RB","R.Burkhead"
"358",2016,"Rey Maualuga","CIN","MLB","R.Maualuga"
"359",2016,"Ryan Hewitt","CIN","TE","R.Hewitt"
"360",2016,"Shawn Williams","CIN","SS","S.Williams"
"361",2016,"Trevor Roach","CIN","LB","T.Roach"
"362",2016,"Tyler Boyd","CIN","WR","T.Boyd"
"363",2016,"Tyler Eifert","CIN","TE","T.Eifert"
"364",2016,"Tyler Kroft","CIN","TE","T.Kroft"
"365",2016,"Vincent Rey","CIN","OLB","V.Rey"
"366",2016,"Vontaze Burfict","CIN","OLB","V.Burfict"
"367",2016,"Wallace Gilberry","CIN","DE","W.Gilberry"
"368",2016,"Will Clarke","CIN","DE","W.Clarke"
"369",2016,"Andrew Hawkins","CLE","WR","A.Hawkins"
"370",2016,"Briean Boddy-Calhoun","CLE","SS","B.Boddy-Calhoun"
"371",2016,"Britton Colquitt","CLE","P","B.Colquitt"
"372",2016,"Cam Johnson","CLE","OLB","C.Johnson"
"373",2016,"Carl Nassib","CLE","DE","C.Nassib"
"374",2016,"Charlie Whitehurst","CLE","QB","C.Whitehurst"
"375",2016,"Christian Kirksey","CLE","ILB","C.Kirksey"
"376",2016,"Cody Kessler","CLE","QB","C.Kessler"
"377",2016,"Cody Parkey","CLE","K","C.Parkey"
"378",2016,"Connor Hamlett","CLE","TE","C.Hamlett"
"379",2016,"Corey Coleman","CLE","WR","C.Coleman"
"380",2016,"Danny Shelton","CLE","NT","D.Shelton"
"381",2016,"Darius Hillary","CLE","CB","D.Hillary"
"382",2016,"Demario Davis","CLE","ILB","D.Davis"
"383",2016,"Derrick Kindred","CLE","SS","D.Kindred"
"384",2016,"Dominique Alexander","CLE","ILB","D.Alexander"
"385",2016,"Duke Johnson","CLE","RB","D.Johnson"
"386",2016,"Ed Reynolds","CLE","FS","E.Reynolds"
"387",2016,"Emmanuel Ogbah","CLE","DE","E.Ogbah"
"388",2016,"Gabe Wright","CLE","DT","G.Wright"
"389",2016,"Gary Barnidge","CLE","TE","G.Barnidge"
"390",2016,"George Atkinson","CLE","RB","G.Atkinson"
"391",2016,"Ibraheim Campbell","CLE","SS","I.Campbell"
"392",2016,"Isaiah Crowell","CLE","RB","I.Crowell"
"393",2016,"Jamar Taylor","CLE","CB","J.Taylor"
"394",2016,"Jamie Collins","CLE","OLB","J.Collins"
"395",2016,"Jamie Meder","CLE","DE","J.Meder"
"396",2016,"Joe Haden","CLE","CB","J.Haden"
"397",2016,"Joe Schobert","CLE","OLB","J.Schobert"
"398",2016,"Jordan Payton","CLE","WR","J.Payton"
"399",2016,"Jordan Poyer","CLE","FS","J.Poyer"
"400",2016,"Josh McCown","CLE","QB","J.McCown"
"401",2016,"Kevin Hogan","CLE","QB","K.Hogan"
"402",2016,"Marcus Burley","CLE","DB","M.Burley"
"403",2016,"Mario Alford","CLE","WR","M.Alford"
"404",2016,"Nate Orchard","CLE","OLB","N.Orchard"
"405",2016,"Patrick Murray","CLE","K","P.Murray"
"406",2016,"Randall Telfer","CLE","TE","R.Telfer"
"407",2016,"Rashard Higgins","CLE","WR","R.Higgins"
"408",2016,"Ricardo Louis","CLE","WR","R.Louis"
"409",2016,"Robert Griffin III","CLE","QB","R.III"
"410",2016,"Seth DeValve","CLE","TE","S.DeValve"
"411",2016,"Stephen Paea","CLE","DE","S.Paea"
"412",2016,"Tank Carder","CLE","ILB","T.Carder"
"413",2016,"Terrelle Pryor","CLE","WR","T.Pryor"
"414",2016,"Tracy Howard","CLE","FS","T.Howard"
"415",2016,"Trae Elston","CLE","DB","T.Elston"
"416",2016,"Tramon Williams","CLE","CB","T.Williams"
"417",2016,"Trey Caldwell","CLE","DB","T.Caldwell"
"418",2016,"Tyrone Holmes","CLE","DE","T.Holmes"
"419",2016,"Xavier Cooper","CLE","DE","X.Cooper"
"420",2016,"Alfred Morris","DAL","RB","A.Morris"
"421",2016,"Andrew Gachkar","DAL","OLB","A.Gachkar"
"422",2016,"Anthony Brown","DAL","CB","A.Brown"
"423",2016,"Anthony Hitchens","DAL","MLB","A.Hitchens"
"424",2016,"Barry Church","DAL","SS","B.Church"
"425",2016,"Benson Mayowa","DAL","DE","B.Mayowa"
"426",2016,"Brandon Carr","DAL","CB","B.Carr"
"427",2016,"Brice Butler","DAL","WR","B.Butler"
"428",2016,"Byron Jones","DAL","FS","B.Jones"
"429",2016,"Cedric Thornton","DAL","DT","C.Thornton"
"430",2016,"Charles Tapper","DAL","DE","C.Tapper"
"431",2016,"Chris Jones","DAL","P","C.Jones"
"432",2016,"Cole Beasley","DAL","WR","C.Beasley"
"433",2016,"Dak Prescott","DAL","QB","D.Prescott"
"434",2016,"Damien Wilson","DAL","OLB","D.Wilson"
"435",2016,"Dan Bailey","DAL","K","D.Bailey"
"436",2016,"Darren McFadden","DAL","RB","D.McFadden"
"437",2016,"David Irving","DAL","DT","D.Irving"
"438",2016,"Dax Swanson","DAL","DB","D.Swanson"
"439",2016,"Demarcus Lawrence","DAL","DE","D.Lawrence"
"440",2016,"Dez Bryant","DAL","WR","D.Bryant"
"441",2016,"Ezekiel Elliott","DAL","RB","E.Elliott"
"442",2016,"Gavin Escobar","DAL","TE","G.Escobar"
"443",2016,"Geoff Swaim","DAL","TE","G.Swaim"
"444",2016,"J.J. Wilcox","DAL","SS","J.Wilcox"
"445",2016,"Jack Crawford","DAL","DE","J.Crawford"
"446",2016,"Jason Witten","DAL","TE","J.Witten"
"447",2016,"Jeff Heath","DAL","SS","J.Heath"
"448",2016,"Justin Durant","DAL","LB","J.Durant"
"449",2016,"Kavon Frazier","DAL","SS","K.Frazier"
"450",2016,"Keith Smith","DAL","FB","K.Smith"
"451",2016,"Kyle Wilber","DAL","OLB","K.Wilber"
"452",2016,"Lance Dunbar","DAL","RB","L.Dunbar"
"453",2016,"Leon McFadden","DAL","DB","L.McFadden"
"454",2016,"Lucky Whitehead","DAL","WR","L.Whitehead"
"455",2016,"Maliek Collins","DAL","DT","M.Collins"
"456",2016,"Mark Nzeocha","DAL","OLB","M.Nzeocha"
"457",2016,"Mark Sanchez","DAL","QB","M.Sanchez"
"458",2016,"Morris Claiborne","DAL","CB","M.Claiborne"
"459",2016,"Orlando Scandrick","DAL","CB","O.Scandrick"
"460",2016,"Randy Gregory","DAL","DE","R.Gregory"
"461",2016,"Richard Ash","DAL","NT","R.Ash"
"462",2016,"Rod Smith","DAL","RB","R.Smith"
"463",2016,"Ryan Davis","DAL","LB","R.Davis"
"464",2016,"Sean Lee","DAL","OLB","S.Lee"
"465",2016,"Terrance Williams","DAL","WR","T.Williams"
"466",2016,"Terrell McClain","DAL","DT","T.McClain"
"467",2016,"Tony Romo","DAL","QB","T.Romo"
"468",2016,"Tyrone Crawford","DAL","DE","T.Crawford"
"469",2016,"A.J. Derby","DEN","TE","A.Derby"
"470",2016,"Adam Gotsis","DEN","DT","A.Gotsis"
"471",2016,"Andy Janovich","DEN","FB","A.Janovich"
"472",2016,"Aqib Talib","DEN","CB","A.Talib"
"473",2016,"Bennie Fowler","DEN","WR","B.Fowler"
"474",2016,"Billy Winn","DEN","DE","B.Winn"
"475",2016,"Bradley Roby","DEN","CB","B.Roby"
"476",2016,"Brandon Marshall","DEN","ILB","B.Marshall"
"477",2016,"Brandon McManus","DEN","K","B.McManus"
"478",2016,"C.J. Anderson","DEN","RB","C.Anderson"
"479",2016,"Chris Harris","DEN","CB","C.Harris"
"480",2016,"Cody Latimer","DEN","WR","C.Latimer"
"481",2016,"Corey Nelson","DEN","ILB","C.Nelson"
"482",2016,"Darian Stewart","DEN","FS","D.Stewart"
"483",2016,"Dekoda Watson","DEN","LB","D.Watson"
"484",2016,"DeMarcus Ware","DEN","OLB","D.Ware"
"485",2016,"Demaryius Thomas","DEN","WR","D.Thomas"
"486",2016,"Derek Wolfe","DEN","DE","D.Wolfe"
"487",2016,"Devontae Booker","DEN","RB","D.Booker"
"488",2016,"Emmanuel Sanders","DEN","WR","E.Sanders"
"489",2016,"Henry Krieger-Coble","DEN","TE","H.Krieger-Coble"
"490",2016,"Jared Crick","DEN","DE","J.Crick"
"491",2016,"Jeff Heuerman","DEN","TE","J.Heuerman"
"492",2016,"Jordan Norwood","DEN","WR","J.Norwood"
"493",2016,"Jordan Taylor","DEN","WR","J.Taylor"
"494",2016,"Justin Forsett","DEN","RB","J.Forsett"
"495",2016,"Justin Simmons","DEN","SS","J.Simmons"
"496",2016,"Juwan Thompson","DEN","RB","J.Thompson"
"497",2016,"Kalif Raymond","DEN","WR","K.Raymond"
"498",2016,"Kapri Bibbs","DEN","RB","K.Bibbs"
"499",2016,"Kayvon Webster","DEN","CB","K.Webster"
"500",2016,"Kyle Peko","DEN","NT","K.Peko"
"501",2016,"Lorenzo Doss","DEN","CB","L.Doss"
"502",2016,"Paxton Lynch","DEN","QB","P.Lynch"
"503",2016,"Quentin Gause","DEN","LB","Q.Gause"
"504",2016,"Riley Dixon","DEN","P","R.Dixon"
"505",2016,"Shane Ray","DEN","OLB","S.Ray"
"506",2016,"Shaquil Barrett","DEN","OLB","S.Barrett"
"507",2016,"Sylvester Williams","DEN","NT","S.Williams"
"508",2016,"T.J. Ward","DEN","SS","T.Ward"
"509",2016,"Taurean Nixon","DEN","DB","T.Nixon"
"510",2016,"Todd Davis","DEN","ILB","T.Davis"
"511",2016,"Trevor Siemian","DEN","QB","T.Siemian"
"512",2016,"Virgil Green","DEN","TE","V.Green"
"513",2016,"Von Miller","DEN","OLB","V.Miller"
"514",2016,"Vontarrius Dora","DEN","LB","V.Dora"
"515",2016,"Will Parks","DEN","DB","W.Parks"
"516",2016,"Zaire Anderson","DEN","ILB","Z.Anderson"
"517",2016,"A'Shawn Robinson","DET","DT","A.Robinson"
"518",2016,"Adairius Barnes","DET","CB","A.Barnes"
"519",2016,"Alex Carter","DET","CB","A.Carter"
"520",2016,"Ameer Abdullah","DET","RB","A.Abdullah"
"521",2016,"Andre Roberts","DET","WR","A.Roberts"
"522",2016,"Anquan Boldin","DET","WR","A.Boldin"
"523",2016,"Anthony Zettel","DET","DT","A.Zettel"
"524",2016,"Antwione Williams","DET","OLB","A.Williams"
"525",2016,"Armonty Bryant","DET","OLB","A.Bryant"
"526",2016,"Asa Jackson","DET","DB","A.Jackson"
"527",2016,"Brandon Copeland","DET","OLB","B.Copeland"
"528",2016,"Clay Harbor","DET","TE","C.Harbor"
"529",2016,"Cole Wick","DET","TE","C.Wick"
"530",2016,"Crezdon Butler","DET","CB","C.Butler"
"531",2016,"Darius Slay","DET","CB","D.Slay"
"532",2016,"DeAndre Levy","DET","OLB","D.Levy"
"533",2016,"Devin Taylor","DET","DE","D.Taylor"
"534",2016,"Don Carey","DET","SS","D.Carey"
"535",2016,"Dwayne Washington","DET","RB","D.Washington"
"536",2016,"Eric Ebron","DET","TE","E.Ebron"
"537",2016,"Ezekiel Ansah","DET","DE","E.Ansah"
"538",2016,"Glover Quin","DET","FS","G.Quin"
"539",2016,"Golden Tate","DET","WR","G.Tate"
"540",2016,"Haloti Ngata","DET","DT","H.Ngata"
"541",2016,"Johnson Bademosi","DET","CB","J.Bademosi"
"542",2016,"Josh Bynes","DET","OLB","J.Bynes"
"543",2016,"Kerry Hyder","DET","DE","K.Hyder"
"544",2016,"Khari Lee","DET","TE","K.Lee"
"545",2016,"Khyri Thornton","DET","DT","K.Thornton"
"546",2016,"Marvin Jones","DET","WR","M.Jones"
"547",2016,"Matt Prater","DET","K","M.Prater"
"548",2016,"Matthew Mulligan","DET","TE","M.Mulligan"
"549",2016,"Matthew Stafford","DET","QB","M.Stafford"
"550",2016,"Miles Killebrew","DET","SS","M.Killebrew"
"551",2016,"Nevin Lawson","DET","CB","N.Lawson"
"552",2016,"Quandre Diggs","DET","CB","Q.Diggs"
"553",2016,"Rafael Bush","DET","SS","R.Bush"
"554",2016,"Sam Martin","DET","P","S.Martin"
"555",2016,"Stefan Charles","DET","DT","S.Charles"
"556",2016,"Steve Longa","DET","OLB","S.Longa"
"557",2016,"T.J. Jones","DET","WR","T.Jones"
"558",2016,"Tahir Whitehead","DET","MLB","T.Whitehead"
"559",2016,"Tavon Wilson","DET","SS","T.Wilson"
"560",2016,"Theo Riddick","DET","RB","T.Riddick"
"561",2016,"Thurston Armbrister","DET","OLB","T.Armbrister"
"562",2016,"Tyrunn Walker","DET","DT","T.Walker"
"563",2016,"Zach Zenner","DET","FB","Z.Zenner"
"564",2016,"Aaron Ripkowski","GB","FB","A.Ripkowski"
"565",2016,"Aaron Rodgers","GB","QB","A.Rodgers"
"566",2016,"Blake Martinez","GB","ILB","B.Martinez"
"567",2016,"Brett Hundley","GB","QB","B.Hundley"
"568",2016,"Brian Price","GB","DT","B.Price"
"569",2016,"Christian Ringo","GB","DE","C.Ringo"
"570",2016,"Christine Michael","GB","RB","C.Michael"
"571",2016,"Clay Matthews","GB","OLB","C.Matthews"
"572",2016,"Damarious Randall","GB","CB","D.Randall"
"573",2016,"Datone Jones","GB","OLB","D.Jones"
"574",2016,"Davante Adams","GB","WR","D.Adams"
"575",2016,"Dean Lowry","GB","DE","D.Lowry"
"576",2016,"Demetri Goodson","GB","CB","D.Goodson"
"577",2016,"Don Jackson","GB","RB","D.Jackson"
"578",2016,"Eddie Lacy","GB","RB","E.Lacy"
"579",2016,"Geronimo Allison","GB","WR","G.Allison"
"580",2016,"Ha Ha Clinton-Dix","GB","FS","H.Clinton-Dix"
"581",2016,"Jacob Schum","GB","P","J.Schum"
"582",2016,"Jake Ryan","GB","ILB","J.Ryan"
"583",2016,"James Starks","GB","RB","J.Starks"
"584",2016,"Jared Abbrederis","GB","WR","J.Abbrederis"
"585",2016,"Jared Cook","GB","TE","J.Cook"
"586",2016,"Jay Elliott","GB","LB","J.Elliott"
"587",2016,"Jeff Janis","GB","WR","J.Janis"
"588",2016,"Jermaine Whitehead","GB","FS","J.Whitehead"
"589",2016,"Joe Kerridge","GB","RB","J.Kerridge"
"590",2016,"Joe Thomas","GB","ILB","J.Thomas"
"591",2016,"Jordan Tripp","GB","OLB","J.Tripp"
"592",2016,"Jordy Nelson","GB","WR","J.Nelson"
"593",2016,"Josh Hawkins","GB","CB","J.Hawkins"
"594",2016,"Julius Peppers","GB","OLB","J.Peppers"
"595",2016,"Kenny Clark","GB","NT","K.Clark"
"596",2016,"Kentrell Brice","GB","DB","K.Brice"
"597",2016,"Kyler Fackrell","GB","OLB","K.Fackrell"
"598",2016,"LaDarius Gunter","GB","CB","L.Gunter"
"599",2016,"Letroy Guion","GB","DE","L.Guion"
"600",2016,"Makinton Dorleant","GB","DB","M.Dorleant"
"601",2016,"Marwin Evans","GB","DB","M.Evans"
"602",2016,"Mason Crosby","GB","K","M.Crosby"
"603",2016,"Micah Hyde","GB","SS","M.Hyde"
"604",2016,"Mike Daniels","GB","DE","M.Daniels"
"605",2016,"Mike Pennel","GB","DE","M.Pennel"
"606",2016,"Morgan Burnett","GB","SS","M.Burnett"
"607",2016,"Nick Perry","GB","OLB","N.Perry"
"608",2016,"Quinten Rollins","GB","CB","Q.Rollins"
"609",2016,"Randall Cobb","GB","WR","R.Cobb"
"610",2016,"Richard Rodgers","GB","TE","R.Rodgers"
"611",2016,"Sam Shields","GB","CB","S.Shields"
"612",2016,"Trevor Davis","GB","WR","T.Davis"
"613",2016,"Ty Montgomery","GB","RB","T.Montgomery"
"614",2016,"A.J. Bouye","HOU","CB","A.Bouye"
"615",2016,"Akeem Dent","HOU","OLB","A.Dent"
"616",2016,"Akeem Hunt","HOU","RB","A.Hunt"
"617",2016,"Alfred Blue","HOU","RB","A.Blue"
"618",2016,"Andre Hal","HOU","FS","A.Hal"
"619",2016,"Antonio Smith","HOU","DE","A.Smith"
"620",2016,"Benardrick McKinney","HOU","ILB","B.McKinney"
"621",2016,"Brandon Dunn","HOU","DT","B.Dunn"
"622",2016,"Braxton Miller","HOU","WR","B.Miller"
"623",2016,"Brennan Scarlett","HOU","LB","B.Scarlett"
"624",2016,"Brian Cushing","HOU","ILB","B.Cushing"
"625",2016,"Brian Peters","HOU","LB","B.Peters"
"626",2016,"Brock Osweiler","HOU","QB","B.Osweiler"
"627",2016,"C.J. Fiedorowicz","HOU","TE","C.Fiedorowicz"
"628",2016,"Christian Covington","HOU","DE","C.Covington"
"629",2016,"Corey Moore","HOU","SS","C.Moore"
"630",2016,"D.J. Reader","HOU","DE","D.Reader"
"631",2016,"DeAndre Hopkins","HOU","WR","D.Hopkins"
"632",2016,"Denzel Rice","HOU","SAF","D.Rice"
"633",2016,"Devon Still","HOU","DT","D.Still"
"634",2016,"Don Jones","HOU","DB","D.Jones"
"635",2016,"Eddie Pleasant","HOU","DB","E.Pleasant"
"636",2016,"J.J. Watt","HOU","DE","J.Watt"
"637",2016,"Jadeveon Clowney","HOU","DE","J.Clowney"
"638",2016,"Jaelen Strong","HOU","WR","J.Strong"
"639",2016,"Jay Prosch","HOU","FB","J.Prosch"
"640",2016,"Joel Heath","HOU","DE","J.Heath"
"641",2016,"John Simon","HOU","OLB","J.Simon"
"642",2016,"Johnathan Joseph","HOU","CB","J.Joseph"
"643",2016,"Jonathan Grimes","HOU","RB","J.Grimes"
"644",2016,"K.J. Dillon","HOU","SAF","K.Dillon"
"645",2016,"Kareem Jackson","HOU","CB","K.Jackson"
"646",2016,"Keith Mumphery","HOU","WR","K.Mumphery"
"647",2016,"Kevin Johnson","HOU","CB","K.Johnson"
"648",2016,"Lamar Miller","HOU","RB","L.Miller"
"649",2016,"Lonnie Ballentine","HOU","SAF","L.Ballentine"
"650",2016,"Max Bullough","HOU","ILB","M.Bullough"
"651",2016,"Nick Novak","HOU","K","N.Novak"
"652",2016,"Quintin Demps","HOU","SS","Q.Demps"
"653",2016,"Robert Nelson","HOU","DB","R.Nelson"
"654",2016,"Ryan Griffin","HOU","TE","R.Griffin"
"655",2016,"Shane Lechler","HOU","P","S.Lechler"
"656",2016,"Stephen Anderson","HOU","TE","S.Anderson"
"657",2016,"Tom Savage","HOU","QB","T.Savage"
"658",2016,"Tyler Ervin","HOU","RB","T.Ervin"
"659",2016,"Ufomba Kamalu","HOU","DE","U.Kamalu"
"660",2016,"Vince Wilfork","HOU","NT","V.Wilfork"
"661",2016,"Wendall Williams","HOU","WR","W.Williams"
"662",2016,"Whitney Mercilus","HOU","OLB","W.Mercilus"
"663",2016,"Will Fuller","HOU","WR","W.Fuller"
"664",2016,"Adam Vinatieri","IND","K","A.Vinatieri"
"665",2016,"Akeem Ayers","IND","LB","A.Ayers"
"666",2016,"Andrew Luck","IND","QB","A.Luck"
"667",2016,"Antonio Cromartie","IND","CB","A.Cromartie"
"668",2016,"Antonio Morrison","IND","ILB","A.Morrison"
"669",2016,"Arthur Jones","IND","DE","A.Jones"
"670",2016,"Charles James","IND","DB","C.James"
"671",2016,"Chester Rogers","IND","WR","C.Rogers"
"672",2016,"Chris Carter","IND","LB","C.Carter"
"673",2016,"Chris Milton","IND","DB","C.Milton"
"674",2016,"Clayton Geathers","IND","FS","C.Geathers"
"675",2016,"Curt Maggitt","IND","OLB","C.Maggitt"
"676",2016,"D'Qwell Jackson","IND","ILB","D.Jackson"
"677",2016,"Darius Butler","IND","FS","D.Butler"
"678",2016,"Darryl Morris","IND","DB","D.Morris"
"679",2016,"David Parry","IND","NT","D.Parry"
"680",2016,"Deiontrez Mount","IND","LB","D.Mount"
"681",2016,"Deon King","IND","LB","D.King"
"682",2016,"Devin Street","IND","WR","D.Street"
"683",2016,"Donte Moncrief","IND","WR","D.Moncrief"
"684",2016,"Duke Williams","IND","SS","D.Williams"
"685",2016,"Dwayne Allen","IND","TE","D.Allen"
"686",2016,"Edwin Jackson","IND","ILB","E.Jackson"
"687",2016,"Erik Swoope","IND","TE","E.Swoope"
"688",2016,"Erik Walden","IND","OLB","E.Walden"
"689",2016,"Frank Gore","IND","RB","F.Gore"
"690",2016,"Frankie Williams","IND","CB","F.Williams"
"691",2016,"Hassan Ridgeway","IND","DT","H.Ridgeway"
"692",2016,"Henry Anderson","IND","DE","H.Anderson"
"693",2016,"Jack Doyle","IND","TE","J.Doyle"
"694",2016,"Jordan Todman","IND","RB","J.Todman"
"695",2016,"Josh Ferguson","IND","RB","J.Ferguson"
"696",2016,"Josh McNary","IND","ILB","J.McNary"
"697",2016,"Kendall Langford","IND","DE","K.Langford"
"698",2016,"Kristjan Sokoli","IND","DT","K.Sokoli"
"699",2016,"Lavar Edwards","IND","DE","L.Edwards"
"700",2016,"Luke Rhodes","IND","LB","L.Rhodes"
"701",2016,"Matthias Farley","IND","DB","M.Farley"
"702",2016,"Mike Adams","IND","SS","M.Adams"
"703",2016,"Pat McAfee","IND","P","P.McAfee"
"704",2016,"Patrick Robinson","IND","CB","P.Robinson"
"705",2016,"Phillip Dorsett","IND","WR","P.Dorsett"
"706",2016,"Quan Bray","IND","WR","Q.Bray"
"707",2016,"Rashaan Melvin","IND","CB","R.Melvin"
"708",2016,"Robert Mathis","IND","OLB","R.Mathis"
"709",2016,"Robert Turbin","IND","RB","R.Turbin"
"710",2016,"Scott Tolzien","IND","QB","S.Tolzien"
"711",2016,"T.J. Green","IND","FS","T.Green"
"712",2016,"T.Y. Hilton","IND","WR","T.Hilton"
"713",2016,"T.Y. McGill","IND","DT","T.McGill"
"714",2016,"Trent Cole","IND","OLB","T.Cole"
"715",2016,"Vontae Davis","IND","CB","V.Davis"
"716",2016,"Winston Guy","IND","FS","W.Guy"
"717",2016,"Zach Kerr","IND","DE","Z.Kerr"
"718",2016,"Aaron Colvin","JAX","CB","A.Colvin"
"719",2016,"Abry Jones","JAX","DT","A.Jones"
"720",2016,"Akeem Davis","JAX","DB","A.Davis"
"721",2016,"Alex Ellis","JAX","TE","A.Ellis"
"722",2016,"Allen Hurns","JAX","WR","A.Hurns"
"723",2016,"Allen Robinson","JAX","WR","A.Robinson"
"724",2016,"Arrelious Benn","JAX","WR","A.Benn"
"725",2016,"Ben Koyack","JAX","TE","B.Koyack"
"726",2016,"Blake Bortles","JAX","QB","B.Bortles"
"727",2016,"Brad Nortman","JAX","P","B.Nortman"
"728",2016,"Bronson Hill","JAX","RB","B.Hill"
"729",2016,"Bryan Walters","JAX","WR","B.Walters"
"730",2016,"Chris Ivory","JAX","RB","C.Ivory"
"731",2016,"Chris Smith","JAX","DE","C.Smith"
"732",2016,"Corey Grant","JAX","RB","C.Grant"
"733",2016,"Dan Skuta","JAX","OLB","D.Skuta"
"734",2016,"Dante Fowler","JAX","DE","D.Fowler"
"735",2016,"Davon House","JAX","CB","D.House"
"736",2016,"Denard Robinson","JAX","RB","D.Robinson"
"737",2016,"Hayes Pullard","JAX","OLB","H.Pullard"
"738",2016,"Jalen Ramsey","JAX","CB","J.Ramsey"
"739",2016,"Jared Odrick","JAX","DE","J.Odrick"
"740",2016,"Jarrod Wilson","JAX","DB","J.Wilson"
"741",2016,"Jason Myers","JAX","K","J.Myers"
"742",2016,"Joe Banyard","JAX","RB","J.Banyard"
"743",2016,"Johnathan Cyprien","JAX","SS","J.Cyprien"
"744",2016,"Jordan Hill","JAX","DT","J.Hill"
"745",2016,"Josh Johnson","JAX","CB","J.Johnson"
"746",2016,"Julius Thomas","JAX","TE","J.Thomas"
"747",2016,"Malik Jackson","JAX","DT","M.Jackson"
"748",2016,"Marcedes Lewis","JAX","TE","M.Lewis"
"749",2016,"Marcus Rush","JAX","LB","M.Rush"
"750",2016,"Marqise Lee","JAX","WR","M.Lee"
"751",2016,"Myles Jack","JAX","OLB","M.Jack"
"752",2016,"Neal Sterling","JAX","TE","N.Sterling"
"753",2016,"Paul Posluszny","JAX","MLB","P.Posluszny"
"754",2016,"Peyton Thompson","JAX","DB","P.Thompson"
"755",2016,"Prince Amukamara","JAX","CB","P.Amukamara"
"756",2016,"Rashad Greene","JAX","WR","R.Greene"
"757",2016,"Roy Miller","JAX","DT","R.Miller"
"758",2016,"Sean Porter","JAX","OLB","S.Porter"
"759",2016,"Sen'Derrick Marks","JAX","DT","S.Marks"
"760",2016,"Shane Wynn","JAX","WR","S.Wynn"
"761",2016,"Sheldon Day","JAX","DT","S.Day"
"762",2016,"T.J. Yeldon","JAX","RB","T.Yeldon"
"763",2016,"Tashaun Gipson","JAX","FS","T.Gipson"
"764",2016,"Telvin Smith","JAX","OLB","T.Smith"
"765",2016,"Tony Washington","JAX","WR","T.Washington"
"766",2016,"Tyson Alualu","JAX","DE","T.Alualu"
"767",2016,"Yannick Ngakoue","JAX","DE","Y.Ngakoue"
"768",2016,"Albert Wilson","KC","WR","A.Wilson"
"769",2016,"Alex Smith","KC","QB","A.Smith"
"770",2016,"Allen Bailey","KC","DE","A.Bailey"
"771",2016,"Cairo Santos","KC","K","C.Santos"
"772",2016,"Charcandrick West","KC","RB","C.West"
"773",2016,"Chris Conley","KC","WR","C.Conley"
"774",2016,"Chris Jones","KC","DE","C.Jones"
"775",2016,"D.J. Alexander","KC","ILB","D.Alexander"
"776",2016,"D.J. White","KC","CB","D.White"
"777",2016,"Dadi Nicolas","KC","LB","D.Nicolas"
"778",2016,"Daniel Sorensen","KC","DB","D.Sorensen"
"779",2016,"David King","KC","DE","D.King"
"780",2016,"De'Anthony Thomas","KC","WR","D.Thomas"
"781",2016,"Dee Ford","KC","OLB","D.Ford"
"782",2016,"Demetrius Harris","KC","TE","D.Harris"
"783",2016,"Derrick Johnson","KC","ILB","D.Johnson"
"784",2016,"Dezman Moses","KC","LB","D.Moses"
"785",2016,"Dontari Poe","KC","NT","D.Poe"
"786",2016,"Dustin Colquitt","KC","P","D.Colquitt"
"787",2016,"Eric Berry","KC","SS","E.Berry"
"788",2016,"Eric Murray","KC","CB","E.Murray"
"789",2016,"Frank Zombo","KC","OLB","F.Zombo"
"790",2016,"Jamaal Charles","KC","RB","J.Charles"
"791",2016,"James O'Shaughnessy","KC","TE","J.O'Shaughnessy"
"792",2016,"Jarvis Jenkins","KC","DT","J.Jenkins"
"793",2016,"Jaye Howard","KC","DE","J.Howard"
"794",2016,"Jeremy Maclin","KC","WR","J.Maclin"
"795",2016,"Justin Houston","KC","OLB","J.Houston"
"796",2016,"Justin March-Lillard","KC","ILB","J.March-Lillard"
"797",2016,"Kendall Reyes","KC","DT","K.Reyes"
"798",2016,"Kenneth Acker","KC","CB","K.Acker"
"799",2016,"Knile Davis","KC","RB","K.Davis"
"800",2016,"Marcus Peters","KC","CB","M.Peters"
"801",2016,"Nick Foles","KC","QB","N.Foles"
"802",2016,"Phillip Gaines","KC","CB","P.Gaines"
"803",2016,"Rakeem Nunez-Roches","KC","DT","R.Nunez-Roches"
"804",2016,"Ramik Wilson","KC","ILB","R.Wilson"
"805",2016,"Ron Parker","KC","FS","R.Parker"
"806",2016,"Ross Travis","KC","TE","R.Travis"
"807",2016,"Spencer Ware","KC","RB","S.Ware"
"808",2016,"Steven Nelson","KC","CB","S.Nelson"
"809",2016,"T.J. Barnes","KC","DT","T.Barnes"
"810",2016,"Tamba Hali","KC","OLB","T.Hali"
"811",2016,"Terrance Mitchell","KC","DB","T.Mitchell"
"812",2016,"Terrance Smith","KC","ILB","T.Smith"
"813",2016,"Travis Kelce","KC","TE","T.Kelce"
"814",2016,"Tyreek Hill","KC","WR","T.Hill"
"815",2016,"A.J. Hendy","MIA","DB","A.Hendy"
"816",2016,"Andre Branch","MIA","DE","A.Branch"
"817",2016,"Andrew Franks","MIA","K","A.Franks"
"818",2016,"Arian Foster","MIA","RB","A.Foster"
"819",2016,"Bacarri Rambo","MIA","FS","B.Rambo"
"820",2016,"Bobby McCain","MIA","CB","B.McCain"
"821",2016,"Byron Maxwell","MIA","CB","B.Maxwell"
"822",2016,"Cameron Wake","MIA","DE","C.Wake"
"823",2016,"Chimdi Chekwa","MIA","DB","C.Chekwa"
"824",2016,"Chris Culliver","MIA","DB","C.Culliver"
"825",2016,"Damien Williams","MIA","RB","D.Williams"
"826",2016,"DeVante Parker","MIA","WR","D.Parker"
"827",2016,"Dion Sims","MIA","TE","D.Sims"
"828",2016,"Dominique Jones","MIA","TE","D.Jones"
"829",2016,"Donald Butler","MIA","OLB","D.Butler"
"830",2016,"Earl Mitchell","MIA","DT","E.Mitchell"
"831",2016,"Isa Abdul-Quddus","MIA","SS","I.Abdul-Quddus"
"832",2016,"Isaiah Pead","MIA","RB","I.Pead"
"833",2016,"Jakeem Grant","MIA","WR","J.Grant"
"834",2016,"Jarvis Landry","MIA","WR","J.Landry"
"835",2016,"Jason Jones","MIA","DE","J.Jones"
"836",2016,"Jay Ajayi","MIA","RB","J.Ajayi"
"837",2016,"Jelani Jenkins","MIA","OLB","J.Jenkins"
"838",2016,"Jordan Cameron","MIA","TE","J.Cameron"
"839",2016,"Jordan Lucas","MIA","SS","J.Lucas"
"840",2016,"Jordan Phillips","MIA","DT","J.Phillips"
"841",2016,"Julius Warmsley","MIA","DE","J.Warmsley"
"842",2016,"Kenny Stills","MIA","WR","K.Stills"
"843",2016,"Kenyan Drake","MIA","RB","K.Drake"
"844",2016,"Kiko Alonso","MIA","MLB","K.Alonso"
"845",2016,"Koa Misi","MIA","OLB","K.Misi"
"846",2016,"Lafayette Pitts","MIA","DB","L.Pitts"
"847",2016,"Leon Orr","MIA","DT","L.Orr"
"848",2016,"Leonte Carroo","MIA","WR","L.Carroo"
"849",2016,"Mario Williams","MIA","DE","M.Williams"
"850",2016,"MarQueis Gray","MIA","TE","M.Gray"
"851",2016,"Matt Darr","MIA","P","M.Darr"
"852",2016,"Matt Moore","MIA","QB","M.Moore"
"853",2016,"Michael Thomas","MIA","FS","M.Thomas"
"854",2016,"Mike Hull","MIA","LB","M.Hull"
"855",2016,"Ndamukong Suh","MIA","DT","N.Suh"
"856",2016,"Neville Hewitt","MIA","OLB","N.Hewitt"
"857",2016,"Nick Williams","MIA","DT","N.Williams"
"858",2016,"Reshad Jones","MIA","FS","R.Jones"
"859",2016,"Ryan Tannehill","MIA","QB","R.Tannehill"
"860",2016,"Spencer Paysinger","MIA","LB","S.Paysinger"
"861",2016,"Terrence Fede","MIA","DE","T.Fede"
"862",2016,"Tony Lippett","MIA","CB","T.Lippett"
"863",2016,"Trevor Reilly","MIA","LB","T.Reilly"
"864",2016,"Walt Aikens","MIA","FS","W.Aikens"
"865",2016,"Xavien Howard","MIA","CB","X.Howard"
"866",2016,"Adam Thielen","MIN","WR","A.Thielen"
"867",2016,"Adrian Peterson","MIN","RB","A.Peterson"
"868",2016,"Andrew Sendejo","MIN","SS","A.Sendejo"
"869",2016,"Anthony Barr","MIN","OLB","A.Barr"
"870",2016,"Anthony Harris","MIN","FS","A.Harris"
"871",2016,"Audie Cole","MIN","MLB","A.Cole"
"872",2016,"Blair Walsh","MIN","K","B.Walsh"
"873",2016,"Brian Robison","MIN","DE","B.Robison"
"874",2016,"Captain Munnerlyn","MIN","CB","C.Munnerlyn"
"875",2016,"Chad Greenway","MIN","OLB","C.Greenway"
"876",2016,"Charles Johnson","MIN","WR","C.Johnson"
"877",2016,"Cordarrelle Patterson","MIN","WR","C.Patterson"
"878",2016,"Danielle Hunter","MIN","DE","D.Hunter"
"879",2016,"David Morgan","MIN","TE","D.Morgan"
"880",2016,"Edmond Robinson","MIN","OLB","E.Robinson"
"881",2016,"Emmanuel Lamur","MIN","LB","E.Lamur"
"882",2016,"Eric Kendricks","MIN","MLB","E.Kendricks"
"883",2016,"Everson Griffen","MIN","DE","E.Griffen"
"884",2016,"Harrison Smith","MIN","FS","H.Smith"
"885",2016,"Isaac Fruechte","MIN","WR","I.Fruechte"
"886",2016,"Jarius Wright","MIN","WR","J.Wright"
"887",2016,"Jayron Kearse","MIN","SS","J.Kearse"
"888",2016,"Jeff Locke","MIN","P","J.Locke"
"889",2016,"Jerick McKinnon","MIN","RB","J.McKinnon"
"890",2016,"Justin Trattou","MIN","DE","J.Trattou"
"891",2016,"Kai Forbath","MIN","K","K.Forbath"
"892",2016,"Kentrell Brothers","MIN","OLB","K.Brothers"
"893",2016,"Kyle Rudolph","MIN","TE","K.Rudolph"
"894",2016,"Laquon Treadwell","MIN","WR","L.Treadwell"
"895",2016,"Linval Joseph","MIN","DT","L.Joseph"
"896",2016,"Mackensie Alexander","MIN","CB","M.Alexander"
"897",2016,"Marcus Sherels","MIN","CB","M.Sherels"
"898",2016,"Matt Asiata","MIN","RB","M.Asiata"
"899",2016,"Rhett Ellison","MIN","TE","R.Ellison"
"900",2016,"Sam Bradford","MIN","QB","S.Bradford"
"901",2016,"Shamar Stephen","MIN","DT","S.Stephen"
"902",2016,"Sharrif Floyd","MIN","DT","S.Floyd"
"903",2016,"Shaun Hill","MIN","QB","S.Hill"
"904",2016,"Stefon Diggs","MIN","WR","S.Diggs"
"905",2016,"Stephen Weatherly","MIN","DE","S.Weatherly"
"906",2016,"Terence Newman","MIN","CB","T.Newman"
"907",2016,"Toby Johnson","MIN","DT","T.Johnson"
"908",2016,"Tom Johnson","MIN","DT","T.Johnson"
"909",2016,"Trae Waynes","MIN","CB","T.Waynes"
"910",2016,"Xavier Rhodes","MIN","CB","X.Rhodes"
"911",2016,"Zach Line","MIN","FB","Z.Line"
"912",2016,"Alan Branch","NE","DE","A.Branch"
"913",2016,"Barkevious Mingo","NE","LB","B.Mingo"
"914",2016,"Brandon Bolden","NE","RB","B.Bolden"
"915",2016,"Brandon King","NE","DB","B.King"
"916",2016,"Chris Hogan","NE","WR","C.Hogan"
"917",2016,"Chris Long","NE","DE","C.Long"
"918",2016,"Cyrus Jones","NE","CB","C.Jones"
"919",2016,"D.J. Foster","NE","RB","D.Foster"
"920",2016,"Danny Amendola","NE","WR","D.Amendola"
"921",2016,"Darius Kilgo","NE","DT","D.Kilgo"
"922",2016,"Devin McCourty","NE","FS","D.McCourty"
"923",2016,"Dion Lewis","NE","RB","D.Lewis"
"924",2016,"Dont'a Hightower","NE","MLB","D.Hightower"
"925",2016,"Duron Harmon","NE","FS","D.Harmon"
"926",2016,"Elandon Roberts","NE","OLB","E.Roberts"
"927",2016,"Eric Rowe","NE","CB","E.Rowe"
"928",2016,"Geneo Grissom","NE","OLB","G.Grissom"
"929",2016,"Jabaal Sheard","NE","DE","J.Sheard"
"930",2016,"Jacoby Brissett","NE","QB","J.Brissett"
"931",2016,"James Develin","NE","FB","J.Develin"
"932",2016,"James White","NE","RB","J.White"
"933",2016,"Jimmy Garoppolo","NE","QB","J.Garoppolo"
"934",2016,"Jonathan Freeny","NE","OLB","J.Freeny"
"935",2016,"Jonathan Jones","NE","CB","J.Jones"
"936",2016,"Jordan Richards","NE","SS","J.Richards"
"937",2016,"Julian Edelman","NE","WR","J.Edelman"
"938",2016,"Justin Coleman","NE","CB","J.Coleman"
"939",2016,"Kyle Van Noy","NE","OLB","K.Noy"
"940",2016,"LeGarrette Blount","NE","RB","L.Blount"
"941",2016,"Logan Ryan","NE","CB","L.Ryan"
"942",2016,"Malcolm Butler","NE","CB","M.Butler"
"943",2016,"Malcolm Mitchell","NE","WR","M.Mitchell"
"944",2016,"Malcom Brown","NE","DT","M.Brown"
"945",2016,"Martellus Bennett","NE","TE","M.Bennett"
"946",2016,"Matt Lengel","NE","TE","M.Lengel"
"947",2016,"Matthew Slater","NE","WR","M.Slater"
"948",2016,"Michael Floyd","NE","WR","M.Floyd"
"949",2016,"Nate Ebner","NE","DB","N.Ebner"
"950",2016,"Patrick Chung","NE","SS","P.Chung"
"951",2016,"Rob Gronkowski","NE","TE","R.Gronkowski"
"952",2016,"Rob Ninkovich","NE","OLB","R.Ninkovich"
"953",2016,"Ryan Allen","NE","P","R.Allen"
"954",2016,"Shea McClellin","NE","OLB","S.McClellin"
"955",2016,"Stephen Gostkowski","NE","K","S.Gostkowski"
"956",2016,"Tom Brady","NE","QB","T.Brady"
"957",2016,"Trey Flowers","NE","DE","T.Flowers"
"958",2016,"Vincent Valentine","NE","NT","V.Valentine"
"959",2016,"Woodrow Hamilton","NE","DT","W.Hamilton"
"960",2016,"B.W. Webb","NO","CB","B.Webb"
"961",2016,"Brandin Cooks","NO","WR","B.Cooks"
"962",2016,"Brandon Coleman","NO","WR","B.Coleman"
"963",2016,"Cameron Jordan","NO","DE","C.Jordan"
"964",2016,"Chris Banjo","NO","CB","C.Banjo"
"965",2016,"Coby Fleener","NO","TE","C.Fleener"
"966",2016,"Craig Robertson","NO","OLB","C.Robertson"
"967",2016,"Daniel Lasco","NO","RB","D.Lasco"
"968",2016,"Dannell Ellerbe","NO","OLB","D.Ellerbe"
"969",2016,"Darryl Tapp","NO","DE","D.Tapp"
"970",2016,"David Onyemata","NO","DT","D.Onyemata"
"971",2016,"De'Vante Harris","NO","CB","D.Harris"
"972",2016,"Delvin Breaux","NO","CB","D.Breaux"
"973",2016,"Drew Brees","NO","QB","D.Brees"
"974",2016,"Erik Harris","NO","DB","E.Harris"
"975",2016,"Jairus Byrd","NO","FS","J.Byrd"
"976",2016,"James Laurinaitis","NO","ILB","J.Laurinaitis"
"977",2016,"Jason Trusnik","NO","LB","J.Trusnik"
"978",2016,"John Kuhn","NO","FB","J.Kuhn"
"979",2016,"John Phillips","NO","TE","J.Phillips"
"980",2016,"Josh Hill","NO","TE","J.Hill"
"981",2016,"Kasim Edebali","NO","DE","K.Edebali"
"982",2016,"Ken Crawley","NO","CB","K.Crawley"
"983",2016,"Kenny Vaccaro","NO","SS","K.Vaccaro"
"984",2016,"Marcus Murphy","NO","RB","M.Murphy"
"985",2016,"Mark Ingram","NO","RB","M.Ingram"
"986",2016,"Michael Mauti","NO","OLB","M.Mauti"
"987",2016,"Michael Thomas","NO","WR","M.Thomas"
"988",2016,"Nate Stupar","NO","ILB","N.Stupar"
"989",2016,"Nick Fairley","NO","DT","N.Fairley"
"990",2016,"Obum Gwacham","NO","DE","O.Gwacham"
"991",2016,"P.J. Williams","NO","CB","P.Williams"
"992",2016,"Paul Kruger","NO","DE","P.Kruger"
"993",2016,"Robenson Therezie","NO","FS","R.Therezie"
"994",2016,"Roman Harper","NO","SS","R.Harper"
"995",2016,"Sam Barrington","NO","LB","S.Barrington"
"996",2016,"Sheldon Rankins","NO","DT","S.Rankins"
"997",2016,"Shiloh Keo","NO","DB","S.Keo"
"998",2016,"Stephone Anthony","NO","OLB","S.Anthony"
"999",2016,"Sterling Moore","NO","CB","S.Moore"
"1000",2016,"Taveze Calhoun","NO","CB","T.Calhoun"
"1001",2016,"Thomas Morstead","NO","P","T.Morstead"
"1002",2016,"Tim Hightower","NO","RB","T.Hightower"
"1003",2016,"Tommylee Lewis","NO","WR","T.Lewis"
"1004",2016,"Travaris Cadet","NO","RB","T.Cadet"
"1005",2016,"Travis Feeney","NO","OLB","T.Feeney"
"1006",2016,"Tyeler Davison","NO","DT","T.Davison"
"1007",2016,"Vonn Bell","NO","SS","V.Bell"
"1008",2016,"Wil Lutz","NO","K","W.Lutz"
"1009",2016,"Willie Snead","NO","WR","W.Snead"
"1010",2016,"Andrew Adams","NYG","FS","A.Adams"
"1011",2016,"B.J. Goodson","NYG","OLB","B.Goodson"
"1012",2016,"Bobby Rainey","NYG","RB","B.Rainey"
"1013",2016,"Brad Wing","NYG","P","B.Wing"
"1014",2016,"Coty Sensabaugh","NYG","CB","C.Sensabaugh"
"1015",2016,"Damon Harrison","NYG","DT","D.Harrison"
"1016",2016,"Darian Thompson","NYG","FS","D.Thompson"
"1017",2016,"Deontae Skinner","NYG","LB","D.Skinner"
"1018",2016,"Devon Kennard","NYG","OLB","D.Kennard"
"1019",2016,"Dominique Rodgers-Cromartie","NYG","CB","D.Rodgers-Cromartie"
"1020",2016,"Dwayne Harris","NYG","WR","D.Harris"
"1021",2016,"Eli Apple","NYG","CB","E.Apple"
"1022",2016,"Eli Manning","NYG","QB","E.Manning"
"1023",2016,"Eric Pinkins","NYG","DB","E.Pinkins"
"1024",2016,"Ishaq Williams","NYG","DE","I.Williams"
"1025",2016,"J.T. Thomas","NYG","OLB","J.Thomas"
"1026",2016,"Janoris Jenkins","NYG","CB","J.Jenkins"
"1027",2016,"Jason Pierre-Paul","NYG","DE","J.Pierre-Paul"
"1028",2016,"Jay Bromley","NYG","DT","J.Bromley"
"1029",2016,"Jerell Adams","NYG","TE","J.Adams"
"1030",2016,"Johnathan Hankins","NYG","DT","J.Hankins"
"1031",2016,"Jonathan Casillas","NYG","OLB","J.Casillas"
"1032",2016,"Josh Brown","NYG","K","J.Brown"
"1033",2016,"Keenan Robinson","NYG","LB","K.Robinson"
"1034",2016,"Kelvin Sheppard","NYG","MLB","K.Sheppard"
"1035",2016,"Kerry Wynn","NYG","DE","K.Wynn"
"1036",2016,"Landon Collins","NYG","SS","L.Collins"
"1037",2016,"Larry Donnell","NYG","TE","L.Donnell"
"1038",2016,"Leon Hall","NYG","DB","L.Hall"
"1039",2016,"Mark Herzlich","NYG","OLB","M.Herzlich"
"1040",2016,"Michael Hunter","NYG","CB","M.Hunter"
"1041",2016,"Montori Hughes","NYG","DT","M.Hughes"
"1042",2016,"Mykkele Thompson","NYG","DB","M.Thompson"
"1043",2016,"Nat Berhe","NYG","FS","N.Berhe"
"1044",2016,"Odell Beckham","NYG","WR","O.Beckham"
"1045",2016,"Olivier Vernon","NYG","DE","O.Vernon"
"1046",2016,"Orleans Darkwa","NYG","RB","O.Darkwa"
"1047",2016,"Owa Odighizuwa","NYG","DE","O.Odighizuwa"
"1048",2016,"Paul Perkins","NYG","RB","P.Perkins"
"1049",2016,"Rashad Jennings","NYG","RB","R.Jennings"
"1050",2016,"Robbie Gould","NYG","K","R.Gould"
"1051",2016,"Robert Thomas","NYG","NT","R.Thomas"
"1052",2016,"Roger Lewis","NYG","WR","R.Lewis"
"1053",2016,"Romeo Okwara","NYG","DE","R.Okwara"
"1054",2016,"Shane Vereen","NYG","RB","S.Vereen"
"1055",2016,"Sterling Shepard","NYG","WR","S.Shepard"
"1056",2016,"Tavarres King","NYG","WR","T.King"
"1057",2016,"Trevin Wade","NYG","CB","T.Wade"
"1058",2016,"Victor Cruz","NYG","WR","V.Cruz"
"1059",2016,"Will Tye","NYG","TE","W.Tye"
"1060",2016,"Anthony Johnson","NYJ","DT","A.Johnson"
"1061",2016,"Antonio Allen","NYJ","DB","A.Allen"
"1062",2016,"Arthur Brown","NYJ","LB","A.Brown"
"1063",2016,"Austin Seferian-Jenkins","NYJ","TE","A.Seferian-Jenkins"
"1064",2016,"Bilal Powell","NYJ","RB","B.Powell"
"1065",2016,"Braedon Bowman","NYJ","TE","B.Bowman"
"1066",2016,"Brandin Bryant","NYJ","DT","B.Bryant"
"1067",2016,"Brandon Bostick","NYJ","TE","B.Bostick"
"1068",2016,"Brandon Burks","NYJ","RB","B.Burks"
"1069",2016,"Brandon Marshall","NYJ","WR","B.Marshall"
"1070",2016,"Brandon Wilds","NYJ","RB","B.Wilds"
"1071",2016,"Bruce Carter","NYJ","OLB","B.Carter"
"1072",2016,"Bryce Petty","NYJ","QB","B.Petty"
"1073",2016,"Bryson Keeton","NYJ","DB","B.Keeton"
"1074",2016,"Buster Skrine","NYJ","CB","B.Skrine"
"1075",2016,"C.J. Spiller","NYJ","RB","C.Spiller"
"1076",2016,"Calvin Pryor","NYJ","SS","C.Pryor"
"1077",2016,"Charone Peake","NYJ","WR","C.Peake"
"1078",2016,"Corey Lemonier","NYJ","OLB","C.Lemonier"
"1079",2016,"Darrelle Revis","NYJ","CB","D.Revis"
"1080",2016,"Darron Lee","NYJ","ILB","D.Lee"
"1081",2016,"Darryl Roberts","NYJ","CB","D.Roberts"
"1082",2016,"David Harris","NYJ","MLB","D.Harris"
"1083",2016,"Deon Simon","NYJ","DT","D.Simon"
"1084",2016,"Devin Smith","NYJ","WR","D.Smith"
"1085",2016,"Dexter McDougle","NYJ","CB","D.McDougle"
"1086",2016,"Doug Middleton","NYJ","DB","D.Middleton"
"1087",2016,"Eric Decker","NYJ","WR","E.Decker"
"1088",2016,"Erin Henderson","NYJ","OLB","E.Henderson"
"1089",2016,"Freddie Bishop","NYJ","OLB","F.Bishop"
"1090",2016,"Geno Smith","NYJ","QB","G.Smith"
"1091",2016,"Jalin Marshall","NYJ","WR","J.Marshall"
"1092",2016,"Jordan Jenkins","NYJ","OLB","J.Jenkins"
"1093",2016,"Josh Martin","NYJ","LB","J.Martin"
"1094",2016,"Julian Stanford","NYJ","ILB","J.Stanford"
"1095",2016,"Juston Burris","NYJ","CB","J.Burris"
"1096",2016,"Kellen Davis","NYJ","TE","K.Davis"
"1097",2016,"Khiry Robinson","NYJ","RB","K.Robinson"
"1098",2016,"Lac Edwards","NYJ","P","L.Edwards"
"1099",2016,"Lawrence Thomas","NYJ","DE","L.Thomas"
"1100",2016,"Leonard Williams","NYJ","NT","L.Williams"
"1101",2016,"Lorenzo Mauldin","NYJ","OLB","L.Mauldin"
"1102",2016,"Marcus Gilchrist","NYJ","FS","M.Gilchrist"
"1103",2016,"Marcus Williams","NYJ","CB","M.Williams"
"1104",2016,"Matt Forte","NYJ","RB","M.Forte"
"1105",2016,"Mike Catapano","NYJ","OLB","M.Catapano"
"1106",2016,"Muhammad Wilkerson","NYJ","DE","M.Wilkerson"
"1107",2016,"Nick Folk","NYJ","K","N.Folk"
"1108",2016,"Nick Marshall","NYJ","CB","N.Marshall"
"1109",2016,"Quincy Enunwa","NYJ","WR","Q.Enunwa"
"1110",2016,"Randell Johnson","NYJ","OLB","R.Johnson"
"1111",2016,"Robby Anderson","NYJ","WR","R.Anderson"
"1112",2016,"Ronald Martin","NYJ","SS","R.Martin"
"1113",2016,"Rontez Miles","NYJ","FS","R.Miles"
"1114",2016,"Ryan Fitzpatrick","NYJ","QB","R.Fitzpatrick"
"1115",2016,"Sheldon Richardson","NYJ","DE","S.Richardson"
"1116",2016,"Steve McLendon","NYJ","DT","S.McLendon"
"1117",2016,"Taiwan Jones","NYJ","LB","T.Jones"
"1118",2016,"Amari Cooper","OAK","WR","A.Cooper"
"1119",2016,"Andre Holmes","OAK","WR","A.Holmes"
"1120",2016,"Antonio Hamilton","OAK","DB","A.Hamilton"
"1121",2016,"Ben Heeney","OAK","MLB","B.Heeney"
"1122",2016,"Branden Jackson","OAK","DE","B.Jackson"
"1123",2016,"Bruce Irvin","OAK","OLB","B.Irvin"
"1124",2016,"Brynden Trawick","OAK","DB","B.Trawick"
"1125",2016,"Clive Walford","OAK","TE","C.Walford"
"1126",2016,"Connor Cook","OAK","QB","C.Cook"
"1127",2016,"Cory James","OAK","MLB","C.James"
"1128",2016,"D.J. Hayden","OAK","CB","D.Hayden"
"1129",2016,"Dan Williams","OAK","DT","D.Williams"
"1130",2016,"Daren Bates","OAK","LB","D.Bates"
"1131",2016,"Darius Latham","OAK","DT","D.Latham"
"1132",2016,"David Amerson","OAK","CB","D.Amerson"
"1133",2016,"DeAndre Washington","OAK","RB","D.Washington"
"1134",2016,"Denico Autry","OAK","DE","D.Autry"
"1135",2016,"Derek Carr","OAK","QB","D.Carr"
"1136",2016,"Dexter McDonald","OAK","CB","D.McDonald"
"1137",2016,"Jalen Richard","OAK","RB","J.Richard"
"1138",2016,"James Cowser","OAK","DE","J.Cowser"
"1139",2016,"Jamize Olawale","OAK","FB","J.Olawale"
"1140",2016,"Jihad Ward","OAK","DE","J.Ward"
"1141",2016,"Johnny Holton","OAK","WR","J.Holton"
"1142",2016,"Justin Ellis","OAK","DT","J.Ellis"
"1143",2016,"Karl Joseph","OAK","SS","K.Joseph"
"1144",2016,"Keith McGill","OAK","SS","K.McGill"
"1145",2016,"Khalil Mack","OAK","DE","K.Mack"
"1146",2016,"Latavius Murray","OAK","RB","L.Murray"
"1147",2016,"Lee Smith","OAK","TE","L.Smith"
"1148",2016,"Malcolm Smith","OAK","OLB","M.Smith"
"1149",2016,"Mario Edwards","OAK","DE","M.Edwards"
"1150",2016,"Marquette King","OAK","P","M.King"
"1151",2016,"Matt McGloin","OAK","QB","M.McGloin"
"1152",2016,"Michael Crabtree","OAK","WR","M.Crabtree"
"1153",2016,"Mychal Rivera","OAK","TE","M.Rivera"
"1154",2016,"Nate Allen","OAK","SS","N.Allen"
"1155",2016,"Perry Riley","OAK","MLB","P.Riley"
"1156",2016,"Reggie Nelson","OAK","FS","R.Nelson"
"1157",2016,"Sean Smith","OAK","CB","S.Smith"
"1158",2016,"Sebastian Janikowski","OAK","K","S.Janikowski"
"1159",2016,"Seth Roberts","OAK","WR","S.Roberts"
"1160",2016,"Shilique Calhoun","OAK","LB","S.Calhoun"
"1161",2016,"Stacy McGee","OAK","DT","S.McGee"
"1162",2016,"T.J. Carrie","OAK","SS","T.Carrie"
"1163",2016,"Taiwan Jones","OAK","RB","T.Jones"
"1164",2016,"Tyrell Adams","OAK","LB","T.Adams"
"1165",2016,"Aaron Grymes","PHI","DB","A.Grymes"
"1166",2016,"Beau Allen","PHI","DT","B.Allen"
"1167",2016,"Bennie Logan","PHI","DT","B.Logan"
"1168",2016,"Brandon Graham","PHI","DE","B.Graham"
"1169",2016,"Brent Celek","PHI","TE","B.Celek"
"1170",2016,"Bryan Braman","PHI","DE","B.Braman"
"1171",2016,"Bryce Treggs","PHI","WR","B.Treggs"
"1172",2016,"Byron Marshall","PHI","WR","B.Marshall"
"1173",2016,"C.J. Smith","PHI","CB","C.Smith"
"1174",2016,"Caleb Sturgis","PHI","K","C.Sturgis"
"1175",2016,"Carson Wentz","PHI","QB","C.Wentz"
"1176",2016,"Chase Daniel","PHI","QB","C.Daniel"
"1177",2016,"Chris Maragos","PHI","FS","C.Maragos"
"1178",2016,"Connor Barwin","PHI","DE","C.Barwin"
"1179",2016,"Darren Sproles","PHI","RB","D.Sproles"
"1180",2016,"Destiny Vaeao","PHI","DT","D.Vaeao"
"1181",2016,"Donnie Jones","PHI","P","D.Jones"
"1182",2016,"Dorial Green-Beckham","PHI","WR","D.Green-Beckham"
"1183",2016,"Dwayne Gratz","PHI","CB","D.Gratz"
"1184",2016,"Fletcher Cox","PHI","DT","F.Cox"
"1185",2016,"Jalen Mills","PHI","CB","J.Mills"
"1186",2016,"Jaylen Watkins","PHI","DB","J.Watkins"
"1187",2016,"Jordan Hicks","PHI","MLB","J.Hicks"
"1188",2016,"Jordan Matthews","PHI","WR","J.Matthews"
"1189",2016,"Kamu Grugier-Hill","PHI","OLB","K.Grugier-Hill"
"1190",2016,"Kenjon Barner","PHI","RB","K.Barner"
"1191",2016,"Leodis McKelvin","PHI","CB","L.McKelvin"
"1192",2016,"Malcolm Jenkins","PHI","SS","M.Jenkins"
"1193",2016,"Marcus Smith","PHI","DE","M.Smith"
"1194",2016,"Mychal Kendricks","PHI","OLB","M.Kendricks"
"1195",2016,"Najee Goode","PHI","LB","N.Goode"
"1196",2016,"Nelson Agholor","PHI","WR","N.Agholor"
"1197",2016,"Nigel Bradham","PHI","OLB","N.Bradham"
"1198",2016,"Nolan Carroll","PHI","CB","N.Carroll"
"1199",2016,"Paul Turner","PHI","WR","P.Turner"
"1200",2016,"Rodney McLeod","PHI","FS","R.McLeod"
"1201",2016,"Ron Brooks","PHI","CB","R.Brooks"
"1202",2016,"Ryan Mathews","PHI","RB","R.Mathews"
"1203",2016,"Stephen Tulloch","PHI","OLB","S.Tulloch"
"1204",2016,"Steven Means","PHI","DE","S.Means"
"1205",2016,"Taylor Hart","PHI","DE","T.Hart"
"1206",2016,"Terrell Watson","PHI","RB","T.Watson"
"1207",2016,"Terrence Brooks","PHI","DB","T.Brooks"
"1208",2016,"Trey Burton","PHI","TE","T.Burton"
"1209",2016,"Vinny Curry","PHI","DE","V.Curry"
"1210",2016,"Wendell Smallwood","PHI","RB","W.Smallwood"
"1211",2016,"Zach Ertz","PHI","TE","Z.Ertz"
"1212",2016,"Al-Hajj Shabazz","PIT","DB","A.Shabazz"
"1213",2016,"Anthony Chickillo","PIT","OLB","A.Chickillo"
"1214",2016,"Antonio Brown","PIT","WR","A.Brown"
"1215",2016,"Arthur Moats","PIT","OLB","A.Moats"
"1216",2016,"Artie Burns","PIT","CB","A.Burns"
"1217",2016,"Ben Roethlisberger","PIT","QB","B.Roethlisberger"
"1218",2016,"Bud Dupree","PIT","OLB","B.Dupree"
"1219",2016,"Cameron Heyward","PIT","DE","C.Heyward"
"1220",2016,"Chris Boswell","PIT","K","C.Boswell"
"1221",2016,"Cobi Hamilton","PIT","WR","C.Hamilton"
"1222",2016,"Dan McCullers","PIT","NT","D.McCullers"
"1223",2016,"Darrius Heyward-Bey","PIT","WR","D.Heyward-Bey"
"1224",2016,"David Johnson","PIT","TE","D.Johnson"
"1225",2016,"DeAngelo Williams","PIT","RB","D.Williams"
"1226",2016,"DeMarcus Ayers","PIT","WR","D.Ayers"
"1227",2016,"Eli Rogers","PIT","WR","E.Rogers"
"1228",2016,"Fitzgerald Toussaint","PIT","RB","F.Toussaint"
"1229",2016,"James Harrison","PIT","OLB","J.Harrison"
"1230",2016,"Jarvis Jones","PIT","OLB","J.Jones"
"1231",2016,"Javon Hargrave","PIT","NT","J.Hargrave"
"1232",2016,"Jesse James","PIT","TE","J.James"
"1233",2016,"Johnny Maxey","PIT","DT","J.Maxey"
"1234",2016,"Jordan Berry","PIT","P","J.Berry"
"1235",2016,"Jordan Dangerfield","PIT","SS","J.Dangerfield"
"1236",2016,"Justin Gilbert","PIT","DB","J.Gilbert"
"1237",2016,"L.J. Fort","PIT","LB","L.Fort"
"1238",2016,"L.T. Walton","PIT","DE","L.Walton"
"1239",2016,"Ladarius Green","PIT","TE","L.Green"
"1240",2016,"Landry Jones","PIT","QB","L.Jones"
"1241",2016,"Lawrence Timmons","PIT","ILB","L.Timmons"
"1242",2016,"Le'Veon Bell","PIT","RB","L.Bell"
"1243",2016,"Markus Wheaton","PIT","WR","M.Wheaton"
"1244",2016,"Mike Mitchell","PIT","FS","M.Mitchell"
"1245",2016,"Ricardo Mathews","PIT","DE","R.Mathews"
"1246",2016,"Robert Golden","PIT","SS","R.Golden"
"1247",2016,"Ross Cockrell","PIT","CB","R.Cockrell"
"1248",2016,"Ryan Shazier","PIT","ILB","R.Shazier"
"1249",2016,"Sammie Coates","PIT","WR","S.Coates"
"1250",2016,"Sean Davis","PIT","SS","S.Davis"
"1251",2016,"Senquez Golson","PIT","CB","S.Golson"
"1252",2016,"Shamarko Thomas","PIT","SS","S.Thomas"
"1253",2016,"Stephon Tuitt","PIT","DE","S.Tuitt"
"1254",2016,"Steven Johnson","PIT","LB","S.Johnson"
"1255",2016,"Tyler Matakevich","PIT","OLB","T.Matakevich"
"1256",2016,"Vince Williams","PIT","ILB","V.Williams"
"1257",2016,"William Gay","PIT","CB","W.Gay"
"1258",2016,"Xavier Grimble","PIT","TE","X.Grimble"
"1259",2016,"Adrian Phillips","SD","SS","A.Phillips"
"1260",2016,"Andre Williams","SD","RB","A.Williams"
"1261",2016,"Antonio Gates","SD","TE","A.Gates"
"1262",2016,"Brandon Flowers","SD","CB","B.Flowers"
"1263",2016,"Brandon Mebane","SD","NT","B.Mebane"
"1264",2016,"Caraun Reid","SD","DT","C.Reid"
"1265",2016,"Carlos Fields","SD","LB","C.Fields"
"1266",2016,"Casey Hayward","SD","CB","C.Hayward"
"1267",2016,"Chris Landrum","SD","LB","C.Landrum"
"1268",2016,"Corey Liuget","SD","DE","C.Liuget"
"1269",2016,"Craig Mager","SD","CB","C.Mager"
"1270",2016,"Damion Square","SD","NT","D.Square"
"1271",2016,"Danny Woodhead","SD","RB","D.Woodhead"
"1272",2016,"Darius Philon","SD","DE","D.Philon"
"1273",2016,"Darrell Stuckey","SD","DB","D.Stuckey"
"1274",2016,"Denzel Perryman","SD","ILB","D.Perryman"
"1275",2016,"Derek Watt","SD","FB","D.Watt"
"1276",2016,"Dexter McCluster","SD","WR","D.McCluster"
"1277",2016,"Dexter McCoil","SD","SS","D.McCoil"
"1278",2016,"Dontrelle Inman","SD","WR","D.Inman"
"1279",2016,"Drew Kaser","SD","P","D.Kaser"
"1280",2016,"Dwight Lowery","SD","FS","D.Lowery"
"1281",2016,"Geremy Davis","SD","WR","G.Davis"
"1282",2016,"Hunter Henry","SD","TE","H.Henry"
"1283",2016,"Isaiah Burse","SD","WR","I.Burse"
"1284",2016,"Jahleel Addae","SD","SS","J.Addae"
"1285",2016,"Jason Verrett","SD","CB","J.Verrett"
"1286",2016,"Jatavis Brown","SD","ILB","J.Brown"
"1287",2016,"Jeremiah Attaochu","SD","OLB","J.Attaochu"
"1288",2016,"Jeremy Butler","SD","WR","J.Butler"
"1289",2016,"Joey Bosa","SD","DE","J.Bosa"
"1290",2016,"Josh Lambo","SD","K","J.Lambo"
"1291",2016,"Joshua Perry","SD","ILB","J.Perry"
"1292",2016,"Kaleb Eulls","SD","DT","K.Eulls"
"1293",2016,"Keenan Allen","SD","WR","K.Allen"
"1294",2016,"Kellen Clemens","SD","QB","K.Clemens"
"1295",2016,"Kenneth Farrow","SD","RB","K.Farrow"
"1296",2016,"Korey Toomer","SD","ILB","K.Toomer"
"1297",2016,"Kyle Emanuel","SD","OLB","K.Emanuel"
"1298",2016,"Manti Te'o","SD","ILB","M.Te'o"
"1299",2016,"Melvin Gordon","SD","RB","M.Gordon"
"1300",2016,"Melvin Ingram","SD","OLB","M.Ingram"
"1301",2016,"Nick Dzubnar","SD","LB","N.Dzubnar"
"1302",2016,"Philip Rivers","SD","QB","P.Rivers"
"1303",2016,"Robert McClain","SD","CB","R.McClain"
"1304",2016,"Ronnie Hillman","SD","RB","R.Hillman"
"1305",2016,"Ryan Carrethers","SD","NT","R.Carrethers"
"1306",2016,"Sean McGrath","SD","TE","S.McGrath"
"1307",2016,"Tenny Palepoi","SD","DE","T.Palepoi"
"1308",2016,"Tourek Williams","SD","OLB","T.Williams"
"1309",2016,"Travis Benjamin","SD","WR","T.Benjamin"
"1310",2016,"Trevor Williams","SD","CB","T.Williams"
"1311",2016,"Trovon Reed","SD","CB","T.Reed"
"1312",2016,"Tyrell Williams","SD","WR","T.Williams"
"1313",2016,"Ahtyba Rubin","SEA","DT","A.Rubin"
"1314",2016,"Alex Collins","SEA","RB","A.Collins"
"1315",2016,"Bobby Wagner","SEA","MLB","B.Wagner"
"1316",2016,"Brandon Williams","SEA","TE","B.Williams"
"1317",2016,"Brock Coyle","SEA","OLB","B.Coyle"
"1318",2016,"C.J. Prosise","SEA","RB","C.Prosise"
"1319",2016,"Cassius Marsh","SEA","OLB","C.Marsh"
"1320",2016,"Cliff Avril","SEA","DE","C.Avril"
"1321",2016,"Damontre Moore","SEA","DE","D.Moore"
"1322",2016,"DeAndre Elliott","SEA","CB","D.Elliott"
"1323",2016,"DeShawn Shead","SEA","CB","D.Shead"
"1324",2016,"Dewey McDonald","SEA","LB","D.McDonald"
"1325",2016,"Doug Baldwin","SEA","WR","D.Baldwin"
"1326",2016,"Earl Thomas","SEA","FS","E.Thomas"
"1327",2016,"Frank Clark","SEA","DE","F.Clark"
"1328",2016,"Garrison Smith","SEA","DT","G.Smith"
"1329",2016,"George Farmer","SEA","RB","G.Farmer"
"1330",2016,"J.D. McKissic","SEA","RB","J.McKissic"
"1331",2016,"Jarran Reed","SEA","DT","J.Reed"
"1332",2016,"Jeremy Lane","SEA","CB","J.Lane"
"1333",2016,"Jermaine Kearse","SEA","WR","J.Kearse"
"1334",2016,"Jeron Johnson","SEA","DB","J.Johnson"
"1335",2016,"Jimmy Graham","SEA","TE","J.Graham"
"1336",2016,"John Jenkins","SEA","DT","J.Jenkins"
"1337",2016,"Jon Ryan","SEA","P","J.Ryan"
"1338",2016,"K.J. Wright","SEA","OLB","K.Wright"
"1339",2016,"Kam Chancellor","SEA","SS","K.Chancellor"
"1340",2016,"Kasen Williams","SEA","WR","K.Williams"
"1341",2016,"Kelcie McCray","SEA","SS","K.McCray"
"1342",2016,"Kevin Pierre-Louis","SEA","OLB","K.Pierre-Louis"
"1343",2016,"Luke Willson","SEA","TE","L.Willson"
"1344",2016,"Marcel Reece","SEA","FB","M.Reece"
"1345",2016,"Michael Bennett","SEA","DE","M.Bennett"
"1346",2016,"Mike Morgan","SEA","OLB","M.Morgan"
"1347",2016,"Neiko Thorpe","SEA","DB","N.Thorpe"
"1348",2016,"Nick Vannett","SEA","TE","N.Vannett"
"1349",2016,"Paul Richardson","SEA","WR","P.Richardson"
"1350",2016,"Quinton Jefferson","SEA","DT","Q.Jefferson"
"1351",2016,"Richard Sherman","SEA","CB","R.Sherman"
"1352",2016,"Ronald Powell","SEA","LB","R.Powell"
"1353",2016,"Russell Wilson","SEA","QB","R.Wilson"
"1354",2016,"Steven Hauschka","SEA","K","S.Hauschka"
"1355",2016,"Steven Terrell","SEA","FS","S.Terrell"
"1356",2016,"Tanner McEvoy","SEA","WR","T.McEvoy"
"1357",2016,"Terrence Magee","SEA","RB","T.Magee"
"1358",2016,"Thomas Rawls","SEA","RB","T.Rawls"
"1359",2016,"Tony McDaniel","SEA","DT","T.McDaniel"
"1360",2016,"Trevone Boykin","SEA","QB","T.Boykin"
"1361",2016,"Troymaine Pope","SEA","RB","T.Pope"
"1362",2016,"Tyler Lockett","SEA","WR","T.Lockett"
"1363",2016,"Tyvis Powell","SEA","FS","T.Powell"
"1364",2016,"Will Tukuafu","SEA","FB","W.Tukuafu"
"1365",2016,"Aaron Burbridge","SF","WR","A.Burbridge"
"1366",2016,"Aaron Lynch","SF","OLB","A.Lynch"
"1367",2016,"Ahmad Brooks","SF","OLB","A.Brooks"
"1368",2016,"Antoine Bethea","SF","SS","A.Bethea"
"1369",2016,"Arik Armstead","SF","DE","A.Armstead"
"1370",2016,"Blaine Gabbert","SF","QB","B.Gabbert"
"1371",2016,"Blake Bell","SF","TE","B.Bell"
"1372",2016,"Bradley Pinion","SF","P","B.Pinion"
"1373",2016,"Carl Bradford","SF","OLB","C.Bradford"
"1374",2016,"Carlos Hyde","SF","RB","C.Hyde"
"1375",2016,"Chris Davis","SF","CB","C.Davis"
"1376",2016,"Chris Harper","SF","WR","C.Harper"
"1377",2016,"Chris Jones","SF","DE","C.Jones"
"1378",2016,"Colin Kaepernick","SF","QB","C.Kaepernick"
"1379",2016,"DeAndre Smelter","SF","WR","D.Smelter"
"1380",2016,"DeForest Buckner","SF","DE","D.Buckner"
"1381",2016,"Dontae Johnson","SF","CB","D.Johnson"
"1382",2016,"DuJuan Harris","SF","RB","D.Harris"
"1383",2016,"Eli Harold","SF","OLB","E.Harold"
"1384",2016,"Eric Reid","SF","FS","E.Reid"
"1385",2016,"Garrett Celek","SF","TE","G.Celek"
"1386",2016,"Gerald Hodges","SF","ILB","G.Hodges"
"1387",2016,"Glenn Dorsey","SF","NT","G.Dorsey"
"1388",2016,"JaCorey Shepherd","SF","CB","J.Shepherd"
"1389",2016,"Jaquiski Tartt","SF","FS","J.Tartt"
"1390",2016,"Je'Ron Hamm","SF","TE","J.Hamm"
"1391",2016,"Jeremy Kerley","SF","WR","J.Kerley"
"1392",2016,"Jimmie Ward","SF","CB","J.Ward"
"1393",2016,"Keith Reaser","SF","CB","K.Reaser"
"1394",2016,"Keshawn Martin","SF","WR","K.Martin"
"1395",2016,"Marcus Ball","SF","DB","M.Ball"
"1396",2016,"Marcus Cromartie","SF","CB","M.Cromartie"
"1397",2016,"Michael Wilhoite","SF","ILB","M.Wilhoite"
"1398",2016,"Mike Davis","SF","RB","M.Davis"
"1399",2016,"Mike Purcell","SF","NT","M.Purcell"
"1400",2016,"NaVorro Bowman","SF","ILB","N.Bowman"
"1401",2016,"Nick Bellore","SF","ILB","N.Bellore"
"1402",2016,"Phil Dawson","SF","K","P.Dawson"
"1403",2016,"Prince Charles Iworah","SF","CB","P.Iworah"
"1404",2016,"Quinton Dial","SF","DE","Q.Dial"
"1405",2016,"Quinton Patton","SF","WR","Q.Patton"
"1406",2016,"Raheem Mostert","SF","RB","R.Mostert"
"1407",2016,"Rashard Robinson","SF","CB","R.Robinson"
"1408",2016,"Ray-Ray Armstrong","SF","OLB","R.Armstrong"
"1409",2016,"Rod Streater","SF","WR","R.Streater"
"1410",2016,"Ronald Blair","SF","DE","R.Blair"
"1411",2016,"Shaun Draughn","SF","RB","S.Draughn"
"1412",2016,"Shayne Skov","SF","ILB","S.Skov"
"1413",2016,"Tank Carradine","SF","LB","T.Carradine"
"1414",2016,"Tony Jerod-Eddie","SF","DE","T.Jerod-Eddie"
"1415",2016,"Torrey Smith","SF","WR","T.Smith"
"1416",2016,"Tramaine Brock","SF","CB","T.Brock"
"1417",2016,"Vance McDonald","SF","TE","V.McDonald"
"1418",2016,"Vinnie Sunseri","SF","DB","V.Sunseri"
"1419",2016,"Wynton McManis","SF","LB","W.McManis"
"1420",2016,"Zach Moore","SF","DE","Z.Moore"
"1421",2016,"Aaron Donald","LA","DT","A.Donald"
"1422",2016,"Alec Ogletree","LA","MLB","A.Ogletree"
"1423",2016,"Benny Cunningham","LA","RB","B.Cunningham"
"1424",2016,"Blake Countess","LA","CB","B.Countess"
"1425",2016,"Bradley Marquez","LA","WR","B.Marquez"
"1426",2016,"Brian Quick","LA","WR","B.Quick"
"1427",2016,"Bryce Hager","LA","ILB","B.Hager"
"1428",2016,"Cam Thomas","LA","DT","C.Thomas"
"1429",2016,"Case Keenum","LA","QB","C.Keenum"
"1430",2016,"Chase Reynolds","LA","RB","C.Reynolds"
"1431",2016,"Cody Davis","LA","FS","C.Davis"
"1432",2016,"Cory Littleton","LA","OLB","C.Littleton"
"1433",2016,"Dominique Easley","LA","DT","D.Easley"
"1434",2016,"E.J. Gaines","LA","CB","E.Gaines"
"1435",2016,"Ethan Westbrooks","LA","DE","E.Westbrooks"
"1436",2016,"Eugene Sims","LA","DE","E.Sims"
"1437",2016,"Greg Zuerlein","LA","K","G.Zuerlein"
"1438",2016,"Isaiah Johnson","LA","SAF","I.Johnson"
"1439",2016,"Jared Goff","LA","QB","J.Goff"
"1440",2016,"Johnny Hekker","LA","P","J.Hekker"
"1441",2016,"Josh Forrest","LA","OLB","J.Forrest"
"1442",2016,"Kenny Britt","LA","WR","K.Britt"
"1443",2016,"Lamarcus Joyner","LA","CB","L.Joyner"
"1444",2016,"Lance Kendricks","LA","TE","L.Kendricks"
"1445",2016,"Malcolm Brown","LA","RB","M.Brown"
"1446",2016,"Mark Barron","LA","OLB","M.Barron"
"1447",2016,"Marqui Christian","LA","DB","M.Christian"
"1448",2016,"Matt Longacre","LA","DE","M.Longacre"
"1449",2016,"Maurice Alexander","LA","FS","M.Alexander"
"1450",2016,"Michael Brockers","LA","DT","M.Brockers"
"1451",2016,"Michael Jordan","LA","DB","M.Jordan"
"1452",2016,"Mike Thomas","LA","WR","M.Thomas"
"1453",2016,"Morgan Fox","LA","DE","M.Fox"
"1454",2016,"Nicholas Grigsby","LA","LB","N.Grigsby"
"1455",2016,"Paul McRoberts","LA","WR","P.McRoberts"
"1456",2016,"Pharoh Cooper","LA","WR","P.Cooper"
"1457",2016,"Robert Quinn","LA","DE","R.Quinn"
"1458",2016,"Sean Mannion","LA","QB","S.Mannion"
"1459",2016,"Steve Williams","LA","DB","S.Williams"
"1460",2016,"T.J. McDonald","LA","SS","T.McDonald"
"1461",2016,"Tavon Austin","LA","WR","T.Austin"
"1462",2016,"Todd Gurley","LA","RB","T.Gurley"
"1463",2016,"Troy Hill","LA","CB","T.Hill"
"1464",2016,"Trumaine Johnson","LA","CB","T.Johnson"
"1465",2016,"Tyler Higbee","LA","TE","T.Higbee"
"1466",2016,"William Hayes","LA","DE","W.Hayes"
"1467",2016,"Adam Humphries","TB","WR","A.Humphries"
"1468",2016,"Adarius Glanton","TB","OLB","A.Glanton"
"1469",2016,"Akeem Spence","TB","DT","A.Spence"
"1470",2016,"Alterraun Verner","TB","CB","A.Verner"
"1471",2016,"Antone Smith","TB","RB","A.Smith"
"1472",2016,"Bradley McDougald","TB","FS","B.McDougald"
"1473",2016,"Brandon Myers","TB","TE","B.Myers"
"1474",2016,"Brent Grimes","TB","CB","B.Grimes"
"1475",2016,"Bryan Anger","TB","P","B.Anger"
"1476",2016,"Cameron Brate","TB","TE","C.Brate"
"1477",2016,"Cameron Lynch","TB","LB","C.Lynch"
"1478",2016,"Cecil Shorts","TB","WR","C.Shorts"
"1479",2016,"Channing Ward","TB","DT","C.Ward"
"1480",2016,"Charles Sims","TB","RB","C.Sims"
"1481",2016,"Chris Conte","TB","SS","C.Conte"
"1482",2016,"Clinton McDonald","TB","DT","C.McDonald"
"1483",2016,"Daryl Smith","TB","OLB","D.Smith"
"1484",2016,"DaVonte Lambert","TB","DE","D.Lambert"
"1485",2016,"Devante Bond","TB","OLB","D.Bond"
"1486",2016,"Doug Martin","TB","RB","D.Martin"
"1487",2016,"Freddie Martino","TB","WR","F.Martino"
"1488",2016,"Gerald McCoy","TB","DT","G.McCoy"
"1489",2016,"Howard Jones","TB","DE","H.Jones"
"1490",2016,"Jacquies Smith","TB","DE","J.Smith"
"1491",2016,"Jacquizz Rodgers","TB","RB","J.Rodgers"
"1492",2016,"Jameis Winston","TB","QB","J.Winston"
"1493",2016,"Javien Elliott","TB","DB","J.Elliott"
"1494",2016,"John Hughes","TB","DE","J.Hughes"
"1495",2016,"Josh Huff","TB","WR","J.Huff"
"1496",2016,"Josh Robinson","TB","DB","J.Robinson"
"1497",2016,"Jude Adjei-Barimah","TB","CB","J.Adjei-Barimah"
"1498",2016,"Keith Tandy","TB","SS","K.Tandy"
"1499",2016,"Kwon Alexander","TB","MLB","K.Alexander"
"1500",2016,"Lavonte David","TB","OLB","L.David"
"1501",2016,"Luke Stocker","TB","TE","L.Stocker"
"1502",2016,"Major Wright","TB","DB","M.Wright"
"1503",2016,"Mike Evans","TB","WR","M.Evans"
"1504",2016,"Mike Glennon","TB","QB","M.Glennon"
"1505",2016,"Noah Spence","TB","DE","N.Spence"
"1506",2016,"Peyton Barber","TB","RB","P.Barber"
"1507",2016,"Robert Ayers","TB","DE","R.Ayers"
"1508",2016,"Roberto Aguayo","TB","K","R.Aguayo"
"1509",2016,"Russell Shepard","TB","WR","R.Shepard"
"1510",2016,"Ryan Russell","TB","DE","R.Russell"
"1511",2016,"Ryan Smith","TB","CB","R.Smith"
"1512",2016,"Sealver Siliga","TB","DT","S.Siliga"
"1513",2016,"Vernon Hargreaves","TB","CB","V.Hargreaves"
"1514",2016,"Vincent Jackson","TB","WR","V.Jackson"
"1515",2016,"William Gholston","TB","DE","W.Gholston"
"1516",2016,"Aaron Wallace","TEN","OLB","A.Wallace"
"1517",2016,"Al Woods","TEN","NT","A.Woods"
"1518",2016,"Andre Johnson","TEN","WR","A.Johnson"
"1519",2016,"Angelo Blackson","TEN","NT","A.Blackson"
"1520",2016,"Anthony Fasano","TEN","TE","A.Fasano"
"1521",2016,"Antonio Andrews","TEN","RB","A.Andrews"
"1522",2016,"Antwaun Woods","TEN","DT","A.Woods"
"1523",2016,"Austin Johnson","TEN","NT","A.Johnson"
"1524",2016,"Avery Williamson","TEN","ILB","A.Williamson"
"1525",2016,"Brett Kern","TEN","P","B.Kern"
"1526",2016,"Brian Orakpo","TEN","OLB","B.Orakpo"
"1527",2016,"Brice McCain","TEN","CB","B.McCain"
"1528",2016,"Curtis Riley","TEN","CB","C.Riley"
"1529",2016,"D'Joun Smith","TEN","CB","D.Smith"
"1530",2016,"Da'Norris Searcy","TEN","SS","D.Searcy"
"1531",2016,"Daimion Stafford","TEN","SS","D.Stafford"
"1532",2016,"DaQuan Jones","TEN","DE","D.Jones"
"1533",2016,"David Bass","TEN","OLB","D.Bass"
"1534",2016,"Delanie Walker","TEN","TE","D.Walker"
"1535",2016,"DeMarco Murray","TEN","RB","D.Murray"
"1536",2016,"Derrick Henry","TEN","RB","D.Henry"
"1537",2016,"Derrick Morgan","TEN","OLB","D.Morgan"
"1538",2016,"Harry Douglas","TEN","WR","H.Douglas"
"1539",2016,"Jace Amaro","TEN","TE","J.Amaro"
"1540",2016,"Jalston Fowler","TEN","FB","J.Fowler"
"1541",2016,"Jason McCourty","TEN","CB","J.McCourty"
"1542",2016,"Jurrell Casey","TEN","DE","J.Casey"
"1543",2016,"Justin Staples","TEN","LB","J.Staples"
"1544",2016,"Kalan Reed","TEN","DB","K.Reed"
"1545",2016,"Karl Klug","TEN","DE","K.Klug"
"1546",2016,"Kendall Wright","TEN","WR","K.Wright"
"1547",2016,"Kevin Byard","TEN","FS","K.Byard"
"1548",2016,"Kevin Dodd","TEN","OLB","K.Dodd"
"1549",2016,"LeShaun Sims","TEN","CB","L.Sims"
"1550",2016,"Marc Mariani","TEN","WR","M.Mariani"
"1551",2016,"Marcus Mariota","TEN","QB","M.Mariota"
"1552",2016,"Matt Cassel","TEN","QB","M.Cassel"
"1553",2016,"Mehdi Abdesmad","TEN","DE","M.Abdesmad"
"1554",2016,"Nate Palmer","TEN","LB","N.Palmer"
"1555",2016,"Perrish Cox","TEN","CB","P.Cox"
"1556",2016,"Phillip Supernaw","TEN","TE","P.Supernaw"
"1557",2016,"Rashad Johnson","TEN","FS","R.Johnson"
"1558",2016,"Rishard Matthews","TEN","WR","R.Matthews"
"1559",2016,"Ryan Succop","TEN","K","R.Succop"
"1560",2016,"Sean Spence","TEN","ILB","S.Spence"
"1561",2016,"Tajae Sharpe","TEN","WR","T.Sharpe"
"1562",2016,"Valentino Blake","TEN","DB","V.Blake"
"1563",2016,"Wesley Woodyard","TEN","ILB","W.Woodyard"
"1564",2016,"A.J. Francis","WAS","DT","A.Francis"
"1565",2016,"Anthony Lanier","WAS","DE","A.Lanier"
"1566",2016,"Bashaud Breeland","WAS","CB","B.Breeland"
"1567",2016,"Chris Baker","WAS","DE","C.Baker"
"1568",2016,"Chris Thompson","WAS","RB","C.Thompson"
"1569",2016,"Cullen Jenkins","WAS","DT","C.Jenkins"
"1570",2016,"Dashaun Phillips","WAS","DB","D.Phillips"
"1571",2016,"David Bruton","WAS","SS","D.Bruton"
"1572",2016,"DeAngelo Hall","WAS","FS","D.Hall"
"1573",2016,"Derek Carrier","WAS","TE","D.Carrier"
"1574",2016,"DeSean Jackson","WAS","WR","D.Jackson"
"1575",2016,"Deshazor Everett","WAS","CB","D.Everett"
"1576",2016,"Donte Whitner","WAS","SS","D.Whitner"
"1577",2016,"Duke Ihenacho","WAS","FS","D.Ihenacho"
"1578",2016,"Dustin Hopkins","WAS","K","D.Hopkins"
"1579",2016,"Greg Toler","WAS","DB","G.Toler"
"1580",2016,"Houston Bates","WAS","LB","H.Bates"
"1581",2016,"Jamison Crowder","WAS","WR","J.Crowder"
"1582",2016,"Jordan Reed","WAS","TE","J.Reed"
"1583",2016,"Josh Doctson","WAS","WR","J.Doctson"
"1584",2016,"Josh Evans","WAS","DB","J.Evans"
"1585",2016,"Josh Norman","WAS","CB","J.Norman"
"1586",2016,"Kedric Golston","WAS","DE","K.Golston"
"1587",2016,"Kendall Fuller","WAS","CB","K.Fuller"
"1588",2016,"Kirk Cousins","WAS","QB","K.Cousins"
"1589",2016,"Lynden Trail","WAS","LB","L.Trail"
"1590",2016,"Mack Brown","WAS","RB","M.Brown"
"1591",2016,"Martrell Spaight","WAS","OLB","M.Spaight"
"1592",2016,"Mason Foster","WAS","ILB","M.Foster"
"1593",2016,"Matt Jones","WAS","RB","M.Jones"
"1594",2016,"Matthew Ioannidis","WAS","DT","M.Ioannidis"
"1595",2016,"Maurice Harris","WAS","WR","M.Harris"
"1596",2016,"Nick Moody","WAS","LB","N.Moody"
"1597",2016,"Niles Paul","WAS","TE","N.Paul"
"1598",2016,"Pierre Garcon","WAS","WR","P.Garcon"
"1599",2016,"Preston Smith","WAS","OLB","P.Smith"
"1600",2016,"Quinton Dunbar","WAS","CB","Q.Dunbar"
"1601",2016,"Ricky Jean Francois","WAS","DE","R.Francois"
"1602",2016,"Rob Kelley","WAS","RB","R.Kelley"
"1603",2016,"Ryan Grant","WAS","WR","R.Grant"
"1604",2016,"Ryan Kerrigan","WAS","OLB","R.Kerrigan"
"1605",2016,"Su'a Cravens","WAS","ILB","S.Cravens"
"1606",2016,"Terence Garvin","WAS","LB","T.Garvin"
"1607",2016,"Trent Murphy","WAS","DE","T.Murphy"
"1608",2016,"Tress Way","WAS","P","T.Way"
"1609",2016,"Vernon Davis","WAS","TE","V.Davis"
"1610",2016,"Will Blackmon","WAS","FS","W.Blackmon"
"1611",2016,"Will Compton","WAS","ILB","W.Compton"
"1612",2016,"Zach Vigil","WAS","OLB","Z.Vigil"
"1613",2016,"Ziggy Hood","WAS","NT","Z.Hood"
